FIPS,mean_winter_rm
1001,85.65184499
1003,89.73097231
1005,88.63357171
1007,86.48586611
1009,85.4491388
1011,89.1681225
1013,88.41467891
1015,86.58536346
1017,87.76759871
1019,87.75722354
1021,85.88084477
1023,88.20489928
1025,87.38195651
1027,87.78888658
1029,87.91294318
1031,87.31000077
1033,86.95980546
1035,88.50300769
1037,87.18013462
1039,89.34498137
1041,89.49499469
1043,85.91564733
1045,86.05208104
1047,86.6117414
1049,88.86332411
1051,87.15376153
1053,88.60063356
1055,85.68263881
1057,87.54124094
1059,87.09186714
1061,87.5357147
1063,86.33005362
1065,84.49631839
1067,87.20693042
1069,86.20719211
1071,88.74888249
1073,84.53910378
1075,88.06948285
1077,87.21355741
1079,85.99587086
1081,84.63987597
1083,86.76134264
1085,86.78857295
1087,87.40974377
1089,87.68710135
1091,86.96560726
1093,89.1419192
1095,86.02031413
1097,89.42324707
1099,87.54356107
1101,86.91860563
1103,85.55879958
1105,85.89242141
1107,86.88644363
1109,88.84872768
1111,87.62951366
1113,87.88993667
1115,85.65638525
1117,84.81271392
1119,87.5857512
1121,87.79752225
1123,88.44479537
1125,85.54771622
1127,86.27573708
1129,88.92830836
1131,87.08777255
1133,86.78439654
4001,83.00269868
4003,69.25693932
4005,76.50221256
4007,63.67310029
4009,68.11326614
4011,69.33369286
4012,60.437388
4013,62.52357718
4015,60.41326505
4017,80.84694769
4019,65.30890688
4021,64.88921304
4023,66.58050302
4025,66.87273145
4027,60.71278869
5001,83.91137915
5003,89.35774293
5005,82.01822658
5007,82.48168102
5009,81.26273776
5011,88.90471056
5013,89.99726784
5015,81.21112757
5017,87.38590935
5019,88.29938759
5021,86.44483245
5023,84.15962169
5025,86.30525708
5027,89.50489877
5029,86.86724293
5031,86.2976184
5033,85.29207401
5035,85.41043548
5037,85.60601478
5039,88.41849389
5041,85.24011226
5043,86.28217159
5045,86.24160109
5047,85.50091754
5049,85.48199007
5051,84.85389933
5053,86.39420378
5055,85.8495581
5057,89.05471878
5059,86.05940387
5061,89.66800886
5063,82.66159188
5065,84.4348421
5067,84.9074467
5069,83.99874229
5071,84.81810858
5073,88.51439228
5075,86.08476316
5077,85.17857466
5079,84.80226503
5081,88.64213635
5083,86.53167231
5085,83.76390326
5087,82.24798278
5089,82.24783207
5091,86.84212846
5093,84.61851015
5095,84.36614863
5097,86.7705606
5099,89.3019065
5101,81.47662298
5103,89.44647833
5105,85.50274615
5107,85.58462366
5109,89.10260498
5111,86.02495707
5113,88.85623048
5115,86.24142841
5117,83.20486872
5119,83.38827855
5121,87.32341236
5123,85.28229639
5125,85.1645714
5127,87.02142149
5129,81.56424626
5131,85.93955759
5133,90.37358517
5135,85.60806889
5137,83.02492165
5139,89.66209754
5141,85.11495062
5143,83.98688319
5145,84.5738139
5147,84.61774943
5149,85.306613
6001,87.00290808
6003,73.80489704
6005,83.08934213
6007,84.42232078
6009,84.80421156
6011,88.62261752
6013,90.51424112
6015,92.12747472
6017,80.34291379
6019,82.30197277
6021,87.52632038
6023,91.69703838
6025,62.4237068
6027,65.1301945
6029,76.79972125
6031,92.36216202
6033,84.95163081
6035,88.08103971
6037,68.9434946
6039,84.4098377
6041,93.68521071
6043,78.29846618
6045,90.50317088
6047,92.74007546
6049,90.45125762
6051,77.51766568
6053,88.9756637
6055,89.08307353
6057,79.99076681
6059,79.08252955
6061,78.32440739
6063,79.55047419
6065,62.65846915
6067,89.873817
6069,85.68453935
6071,62.10696473
6073,74.96353821
6075,90.5696174
6077,91.83347228
6079,88.41340633
6081,91.97534661
6083,81.50135145
6085,84.40602588
6087,90.4662261
6089,85.95144678
6091,77.8187111
6093,86.61534839
6095,90.52753349
6097,93.86792574
6099,90.01021369
6101,90.48872698
6103,85.29369047
6105,84.79116824
6107,78.15260474
6109,75.902107
6111,69.46232596
6113,89.54197868
6115,86.8163546
8001,83.68898932
8003,93.60707611
8005,81.9358073
8007,81.5689416
8009,83.12524815
8011,86.03077146
8013,74.0623606
8014,74.24413587
8015,78.42492397
8017,86.83449984
8019,77.98079805
8021,85.7188787
8023,85.78151189
8025,85.51344752
8027,79.92292027
8029,80.83709619
8031,78.2226494
8033,82.25184023
8035,80.67179461
8037,80.34790305
8039,83.9265381
8041,80.00610302
8043,75.98791959
8045,78.19929524
8047,76.43313519
8049,86.89742922
8051,83.26305745
8053,79.58522492
8055,76.19002717
8057,88.36644297
8059,77.62227294
8061,87.24828869
8063,85.83487653
8065,82.55250595
8067,84.62420046
8069,77.62439554
8071,80.31418099
8073,85.6103159
8075,87.91632464
8077,79.78493168
8079,80.14207816
8081,86.38929786
8083,85.39286554
8085,81.23239609
8087,88.80582129
8089,83.13920653
8091,79.62016231
8093,84.8028146
8095,88.30490888
8097,78.93010691
8099,88.16615469
8101,79.35299124
8103,84.85851872
8105,85.77622366
8107,85.23822425
8109,82.9826749
8111,78.81149031
8113,81.53641735
8115,87.9655751
8117,82.6808286
8119,83.71723182
8121,86.94457031
8123,86.67324487
8125,86.69443058
9001,79.52265878
9003,82.63818702
9005,85.43603051
9007,81.64763728
9009,81.38052071
9011,81.95856622
9013,83.65347056
9015,84.30133975
10001,83.80074743
10003,82.2377568
10005,82.6868034
11001,79.12944106
12001,91.04397698
12003,91.0355668
12005,89.45659632
12007,90.94370056
12009,94.80982432
12011,94.06524452
12013,88.70103806
12015,95.5753847
12017,95.81638443
12019,90.3810835
12021,97.21493383
12023,89.17600315
12027,94.67913188
12029,95.5976859
12031,88.09115712
12033,89.93589691
12035,92.06687497
12037,94.03798055
12039,88.2966456
12041,91.5848928
12043,96.01903797
12045,91.35036718
12047,89.12158629
12049,93.82265789
12051,96.85193551
12053,95.60762148
12055,94.51769486
12057,93.35814055
12059,89.01448492
12061,96.29489025
12063,87.02116987
12065,89.65970343
12067,91.74222153
12069,92.01019976
12071,94.71373175
12073,88.39545009
12075,94.07725477
12077,89.66393333
12079,88.93226651
12081,94.59728808
12083,91.24049626
12085,96.09562506
12086,95.81199653
12087,96.50549127
12089,90.1116769
12091,90.94908432
12093,95.75200546
12095,90.19617978
12097,92.5412093
12099,94.9139227
12101,94.22609411
12103,93.50579438
12105,90.98079006
12107,89.59612061
12109,89.15939628
12111,96.94424743
12113,88.92499457
12115,95.42234861
12117,89.39334918
12119,92.93885307
12121,88.76806982
12123,93.88356971
12125,90.4175609
12127,92.50782025
12129,92.75405435
12131,90.37081843
12133,89.07820055
13001,87.57000455
13003,88.37227573
13005,86.5466293
13007,89.03032841
13009,86.62269765
13011,83.39517535
13013,82.95943167
13015,84.73240497
13017,87.19858296
13019,87.88184043
13021,85.4328117
13023,86.60709291
13025,93.05183552
13027,88.18590936
13029,87.86499396
13031,87.86210821
13033,85.71728304
13035,85.90859278
13037,88.40998891
13039,92.40039776
13043,85.93996446
13045,85.80034809
13047,86.74442812
13049,90.66129546
13051,88.42168168
13053,87.68830319
13055,87.85321335
13057,78.48808824
13059,80.78434308
13061,87.40132284
13063,81.98903059
13065,90.48907968
13067,82.64942839
13069,86.94131833
13071,86.64192121
13073,84.95362408
13075,87.77984617
13077,87.04430111
13079,87.01159323
13081,87.22533438
13083,88.10177052
13085,82.5237722
13087,88.27526361
13089,81.15267807
13091,87.2377125
13093,87.41095071
13095,87.96627095
13097,83.63658693
13099,87.76486614
13101,89.37900552
13103,87.613268
13105,85.59649172
13107,86.16589353
13109,87.57480011
13111,88.75556739
13113,85.06690083
13115,85.00400279
13117,81.58576296
13119,83.18469684
13121,81.28831036
13123,85.85029285
13125,85.37618815
13127,92.98483719
13129,86.59540047
13131,88.37339551
13133,84.61605097
13135,82.12412482
13137,83.18175282
13139,80.91888457
13141,85.51741386
13143,86.46849798
13145,86.82890954
13147,82.73837925
13149,86.9431187
13151,84.67315228
13153,86.39972292
13155,87.40332618
13157,82.48470106
13159,87.18223405
13161,87.52737582
13163,85.24059457
13165,87.3642601
13167,87.15145256
13169,85.82572096
13171,86.06972865
13173,86.79216808
13175,87.19601323
13177,88.19159647
13179,89.95767094
13181,85.68845099
13183,88.59407244
13185,87.00232765
13187,85.40659566
13191,93.83488734
13193,87.54165282
13195,83.15716317
13197,87.86675302
13199,87.38519417
13201,87.97811779
13205,88.98564661
13207,86.24851602
13209,84.92275178
13211,83.9549253
13213,88.08633508
13215,84.6450923
13217,84.80699217
13219,82.23900084
13221,83.8435114
13223,84.89508541
13225,86.54781745
13227,79.73925651
13229,90.25702989
13231,86.48096571
13233,85.74741438
13235,87.50008068
13237,85.62371406
13239,86.84106039
13241,83.92978212
13243,87.74038789
13245,82.52441997
13247,83.51099534
13249,88.44573821
13251,89.28388083
13253,86.5743487
13255,85.54806557
13257,81.03537275
13259,88.91044049
13261,88.71744448
13263,87.19980916
13265,85.13080576
13267,86.45662443
13269,87.86548222
13271,87.70971555
13273,88.42339194
13275,87.24485294
13277,87.64318073
13279,84.44068731
13281,88.99660805
13283,85.83632342
13285,87.79934887
13287,87.93542828
13289,85.32325618
13291,89.759428
13293,86.55482744
13295,87.90673902
13297,82.94837506
13299,90.18674842
13301,86.12371263
13303,85.68641752
13305,90.11773507
13307,89.06201732
13309,86.35795243
13311,85.95818295
13313,88.48008988
13315,87.98813665
13317,85.09883708
13319,84.91279242
13321,88.3539688
16001,91.63852962
16003,89.27262676
16005,91.12263112
16007,90.63498595
16009,92.90428946
16011,92.71168553
16013,89.36868582
16015,87.5239703
16017,90.06337913
16019,85.6297472
16021,90.67893357
16023,91.0015757
16025,87.66507915
16027,91.92660038
16029,89.41621094
16031,91.15016764
16033,86.86545056
16035,91.08489407
16037,81.83534114
16039,89.39303806
16041,89.33081004
16043,92.10982928
16045,91.06496808
16047,90.77918737
16049,89.73676269
16051,96.28409543
16053,92.30745348
16055,92.2935044
16057,94.04347612
16059,83.22104307
16061,92.16805581
16063,94.2628587
16065,89.35061336
16067,93.7306283
16069,89.0586334
16071,90.46905124
16073,91.66142937
16075,93.83861515
16077,92.91145244
16079,90.05714198
16081,87.26404993
16083,92.19871378
16085,88.40971623
16087,90.84462893
17001,89.0528688
17003,87.80771383
17005,87.96104935
17007,91.01194247
17009,90.42050145
17011,91.56601441
17013,88.01323975
17015,92.15356595
17017,90.91392472
17019,92.76379396
17021,90.77261122
17023,90.82181473
17025,89.14268969
17027,87.1900398
17029,89.94074403
17031,84.9943214
17033,90.92688572
17035,90.00393253
17037,91.17244149
17039,92.31778742
17041,91.63106393
17043,88.56548109
17045,92.47558229
17047,89.82858211
17049,90.02326445
17051,89.10535829
17053,93.72552751
17055,88.051847
17057,91.65691549
17059,88.67559019
17061,89.89799707
17063,92.53043777
17065,89.3726715
17067,89.80596989
17069,88.90141862
17071,90.34084202
17073,90.59011515
17075,93.55222314
17077,87.72544824
17079,90.27922604
17081,87.19278988
17083,88.43009444
17085,92.689068
17087,88.22166087
17089,90.63085405
17091,93.16729113
17093,91.00300426
17095,91.63538755
17097,87.0585274
17099,92.03037409
17101,90.0080024
17103,92.07489087
17105,93.17214567
17107,91.74079371
17109,91.88319992
17111,91.61173747
17113,92.68058034
17115,90.70125277
17117,89.00925773
17119,86.94373471
17121,87.53968445
17123,91.12133394
17125,91.68319842
17127,87.21525039
17129,90.80227492
17131,91.22358563
17133,86.26501568
17135,88.90662871
17137,90.70162842
17139,90.91949985
17141,91.16640726
17143,90.79385302
17145,86.79586903
17147,91.86940555
17149,89.65852125
17151,88.80564255
17153,87.71217804
17155,91.79095414
17157,86.39637553
17159,90.07864136
17161,89.49990469
17163,85.98305453
17165,89.19303926
17167,89.87425388
17169,90.93523586
17171,90.77926766
17173,90.60327565
17175,91.80661949
17177,91.87142477
17179,91.65844739
17181,88.17070713
17183,92.64393717
17185,90.32992174
17187,91.3233875
17189,85.92230384
17191,89.07378856
17193,90.26694882
17195,90.90750435
17197,91.31222536
17199,88.55040394
17201,90.4538078
17203,92.60134656
18001,90.30666428
18003,90.75629493
18005,90.03785809
18007,93.44317472
18009,90.34839403
18011,90.20426411
18013,90.61283256
18015,90.90839948
18017,91.47527732
18019,87.27657909
18021,90.95160897
18023,90.62180955
18025,88.74340961
18027,88.53690901
18029,89.50133742
18031,89.33038199
18033,91.03363245
18035,90.06278198
18037,87.57909288
18039,90.73558574
18041,90.55052171
18043,86.19317205
18045,92.56232323
18047,90.00168054
18049,91.87016953
18051,88.56086908
18053,90.81963875
18055,90.29592714
18057,90.65696092
18059,90.65150113
18061,87.70569483
18063,90.26717362
18065,90.77689076
18067,90.98578517
18069,90.89559536
18071,90.47516771
18073,93.2252601
18075,90.62007085
18077,90.54808373
18079,89.82222104
18081,90.53828731
18083,89.78132254
18085,90.58044117
18087,91.88659192
18089,90.39961295
18091,91.78752624
18093,90.55071076
18095,90.20266612
18097,89.80564672
18099,92.26429525
18101,89.61542774
18103,90.81681927
18105,90.47381382
18107,92.25613791
18109,91.11585825
18111,93.39609635
18113,91.20716092
18115,89.22886045
18117,89.62545267
18119,91.102664
18121,90.61858244
18123,86.86783348
18125,87.84459336
18127,91.52750663
18129,87.66893393
18131,93.36835626
18133,91.46554897
18135,90.70069898
18137,90.70319631
18139,90.22262637
18141,91.57778886
18143,90.34949838
18145,90.21524809
18147,86.35813402
18149,93.42329834
18151,93.13505022
18153,90.75606225
18155,89.72226752
18157,91.07441301
18159,91.56708344
18161,90.37097394
18163,84.90877336
18165,92.45394695
18167,90.58843826
18169,91.24375549
18171,92.88719796
18173,86.0785141
18175,88.71181903
18177,90.35874179
18179,90.77679428
18181,92.4290632
18183,91.61473918
19001,92.44087924
19003,93.29992546
19005,90.58397416
19007,90.6282648
19009,93.45643011
19011,92.68105928
19013,92.29747768
19015,92.36500654
19017,92.88674672
19019,93.07822723
19021,92.70044424
19023,92.17522462
19025,92.98496563
19027,92.79484949
19029,92.40578028
19031,92.33942044
19033,92.96364656
19035,93.9936122
19037,92.75484054
19039,92.74319104
19041,93.53488693
19043,92.18886698
19045,91.52056676
19047,93.02469605
19049,92.19131207
19051,90.38246143
19053,91.6648315
19055,92.93310909
19057,89.32756942
19059,93.84821244
19061,91.7586242
19063,93.39616695
19065,93.12233442
19067,92.55239312
19069,92.81091902
19071,91.85437497
19073,92.73391957
19075,92.50566177
19077,93.70927417
19079,92.22261838
19081,93.23473195
19083,92.54109469
19085,93.21745526
19087,90.41352539
19089,93.095058
19091,92.48421737
19093,93.65605888
19095,92.8758841
19097,92.61818429
19099,91.54063618
19101,89.95530241
19103,90.57334123
19105,92.55476445
19107,92.09904455
19109,92.49914938
19111,87.7987049
19113,91.42417062
19115,90.38261458
19117,91.33272405
19119,94.71432878
19121,92.71025978
19123,91.66253075
19125,89.91480482
19127,92.41973011
19129,91.55304495
19131,92.54287866
19133,93.24490127
19135,91.02075851
19137,91.74774016
19139,90.14628699
19141,94.45975526
19143,95.04050209
19145,92.93468006
19147,92.78365541
19149,92.99641056
19151,93.05501122
19153,90.20743899
19155,91.13650366
19157,92.65408328
19159,92.7273545
19161,93.41932514
19163,89.77758464
19165,93.73752347
19167,93.62133335
19169,92.11509868
19171,92.987539
19173,93.38260347
19175,93.24321812
19177,89.6313508
19179,89.93074043
19181,91.22086472
19183,91.45922599
19185,91.84737785
19187,92.04063181
19189,92.92490929
19191,90.94162118
19193,92.92985362
19195,92.96764226
19197,92.63725433
20001,87.34002603
20003,86.47550437
20005,87.92570639
20007,88.46742027
20009,87.85326994
20011,86.53794082
20013,89.85485797
20015,87.2601471
20017,87.75244818
20019,87.58232895
20021,85.39328521
20023,87.50671467
20025,89.10213848
20027,86.56742698
20029,86.50156547
20031,87.19677722
20033,88.37840716
20035,86.85916796
20037,86.04391081
20039,89.77428977
20041,86.18824257
20043,88.97223591
20045,85.75477591
20047,88.16002454
20049,88.11897467
20051,88.93645761
20053,88.7776475
20055,88.64158821
20057,87.27085776
20059,85.90932911
20061,87.32566629
20063,88.46856971
20065,89.41872271
20067,87.65186424
20069,88.25753483
20071,87.57527374
20073,88.16934264
20075,87.95254433
20077,86.88626725
20079,86.83594483
20081,87.27856527
20083,88.29653524
20085,89.2739235
20087,87.37297733
20089,90.01921757
20091,84.27504214
20093,87.60425547
20095,87.34451944
20097,88.09936273
20099,87.36043542
20101,88.65747866
20103,85.28622419
20105,89.22870939
20107,87.1869422
20109,87.9829481
20111,87.48488998
20113,87.59303371
20115,87.45707988
20117,89.69574429
20119,87.23168715
20121,86.18869431
20123,88.6746591
20125,86.99437264
20127,88.12117325
20129,82.92690308
20131,89.77883888
20133,87.39867302
20135,89.38042373
20137,89.50545402
20139,87.07122909
20141,89.68687838
20143,86.27687883
20145,87.93653012
20147,89.51616337
20149,88.68767196
20151,87.68111004
20153,88.8887821
20155,87.93061893
20157,88.84260249
20159,87.75084432
20161,87.75998758
20163,89.1129045
20165,89.66978927
20167,88.82841652
20169,86.46601887
20171,88.67021862
20173,85.93049313
20175,86.50004882
20177,87.43849784
20179,88.70560532
20181,87.38459701
20183,89.60280904
20185,86.94444106
20187,85.44273757
20189,85.22094765
20191,86.75846351
20193,88.56840987
20195,88.63732167
20197,88.33758028
20199,86.66477805
20201,88.45352503
20203,88.21428163
20205,88.02879275
20207,87.8268788
20209,83.13587887
21001,88.49883883
21003,87.75664624
21005,86.53120328
21007,86.9533756
21009,87.63224667
21011,87.6914838
21013,88.49137962
21015,87.33654762
21017,87.57798304
21019,88.17746342
21021,87.95162341
21023,87.98902539
21025,85.96546048
21027,88.48286572
21029,85.35033258
21031,88.59131643
21033,86.31635478
21035,85.36117334
21037,87.460583
21039,86.71660056
21041,88.25969518
21043,90.54233344
21045,88.20489576
21047,87.53468816
21049,87.67187873
21051,88.68483495
21053,89.14183648
21055,87.31747701
21057,89.21026657
21059,86.71690946
21061,88.47347324
21063,89.51920573
21065,87.12100946
21067,85.99627247
21069,88.3383654
21071,87.36814141
21073,87.26302489
21075,87.09724627
21077,88.76698124
21079,86.35454536
21081,87.24899465
21083,85.78837777
21085,89.00610717
21087,87.71921446
21089,89.85051286
21091,86.34890066
21093,87.59391201
21095,86.03742189
21097,87.89653557
21099,87.68144119
21101,84.37959831
21103,87.95262923
21105,86.80628097
21107,87.479861
21109,88.10804957
21111,84.05779704
21113,85.50076571
21115,87.80020215
21117,87.39979242
21119,86.69981733
21121,90.03068416
21123,87.13848841
21125,87.52711556
21127,89.66466557
21129,87.94387753
21131,87.00234116
21133,86.2296403
21135,89.24414234
21137,87.68079971
21139,87.29172635
21141,88.16610605
21143,85.08665101
21145,86.14865296
21147,90.66215476
21149,87.16074763
21151,86.70358362
21153,87.12933821
21155,87.60364575
21157,85.71643448
21159,88.27183663
21161,89.09055331
21163,87.95112414
21165,87.02524908
21167,86.03533487
21169,88.75115634
21171,88.94505778
21173,88.7893014
21175,88.99306923
21177,88.33394835
21179,86.04904069
21181,88.27639432
21183,88.05364668
21185,87.6937919
21187,87.53874172
21189,88.41881436
21191,87.81693581
21193,87.0170597
21195,86.44540974
21197,87.68173703
21199,88.6648114
21201,88.31154778
21203,87.49844715
21205,86.70845118
21207,88.9611231
21209,86.74225498
21211,88.23698582
21213,88.22467018
21215,86.41487141
21217,87.87066229
21219,87.87780487
21221,86.66098595
21223,88.64986974
21225,86.47214615
21227,88.32051588
21229,86.44462447
21231,89.53829265
21233,87.21781513
21235,89.68262056
21237,87.01664755
21239,85.79370947
22001,88.15474645
22003,87.88988091
22005,86.89089323
22007,86.24507189
22009,88.21500454
22011,88.02698793
22013,88.86032772
22015,87.11972645
22017,86.6674528
22019,89.1637223
22021,89.29853992
22023,91.27563929
22025,88.69455889
22027,90.79194229
22029,87.71781587
22031,87.96850204
22033,86.37785431
22035,87.90727559
22037,88.61138887
22039,88.41889183
22041,88.2909576
22043,88.6069035
22045,90.47356134
22047,86.94528783
22049,90.02206954
22051,88.64989666
22053,87.6171428
22055,86.4447024
22057,89.40783096
22061,89.781755
22063,88.90431202
22065,88.57211003
22067,89.54696006
22069,88.40308336
22071,87.60463076
22073,89.48585121
22075,92.71276166
22077,88.12103993
22079,88.51488856
22081,88.90746333
22083,88.60191084
22085,88.10700662
22087,93.16586921
22089,85.61202224
22091,89.29418968
22093,86.80594515
22095,86.58225307
22097,87.46230624
22099,86.82023628
22101,88.13774659
22103,93.17323479
22105,90.77849098
22107,87.98456885
22109,89.60333529
22111,89.82723231
22113,89.59840012
22115,87.26891157
22117,89.59812034
22119,89.22703614
22121,87.05787391
22123,88.23485828
22125,88.89335752
22127,89.66833143
23001,83.58074713
23003,85.90202887
23005,86.11076556
23007,86.99868291
23009,85.99319281
23011,81.80172599
23013,83.86283637
23015,83.47260182
23017,88.87686922
23019,86.1001423
23021,86.52999076
23023,85.35758897
23025,86.63768529
23027,83.38267283
23029,88.10283263
23031,86.4416361
24001,85.10543506
24003,80.9051319
24005,79.17073763
24009,84.01871592
24011,82.4569356
24013,81.59194554
24015,82.5882115
24017,79.75038569
24019,83.92283974
24021,83.12536391
24023,88.31112737
24025,81.16818341
24027,81.59154544
24029,81.97625831
24031,81.13401443
24033,82.57557745
24035,82.34895266
24037,84.27106295
24039,84.70871251
24041,82.55803335
24043,81.23834672
24045,83.22621913
24047,85.44132314
24510,71.72404938
25001,85.90597496
25003,87.03070944
25005,82.06791
25007,85.13850408
25009,82.46483339
25011,87.45472935
25013,85.28417044
25015,86.85080016
25017,83.21974745
25019,85.43076692
25021,81.1515097
25023,82.86044802
25025,75.98948653
25027,84.9285952
26001,94.98451201
26003,95.23829342
26005,93.57397751
26007,94.96721672
26009,93.77974592
26011,94.83532771
26013,93.87245706
26015,92.53316265
26017,92.06230817
26019,89.10243055
26021,90.01571023
26023,92.26375583
26025,91.69778032
26027,91.93840431
26029,90.71444882
26031,96.55443238
26033,94.50011945
26035,96.20952148
26037,93.07549827
26039,97.00276748
26041,93.31861105
26043,94.97342117
26045,92.87017645
26047,94.00247498
26049,93.25669599
26051,95.45902797
26053,94.32131853
26055,93.99422593
26057,94.79951342
26059,92.7066261
26061,92.17595871
26063,94.9752176
26065,92.28036312
26067,94.16939
26069,94.71324381
26071,96.16264292
26073,95.01508824
26075,91.31615553
26077,90.65277336
26079,96.7707145
26081,94.03947989
26083,84.35137287
26085,97.15512879
26087,94.34893423
26089,90.36589515
26091,92.57635033
26093,92.33654826
26095,97.16187066
26097,95.37656165
26099,90.8763203
26101,90.86341977
26103,93.8237501
26105,89.86927955
26107,96.70203295
26109,91.15904011
26111,93.62444527
26113,96.84538819
26115,90.2226107
26117,95.69260283
26119,96.59551098
26121,91.92976274
26123,96.57169641
26125,90.63926661
26127,93.28883629
26129,96.71395569
26131,92.97980253
26133,96.8326449
26135,96.06033789
26137,96.34064344
26139,92.4135981
26141,94.5820188
26143,96.13529018
26145,93.23163064
26147,93.17538086
26149,91.93090985
26151,95.16988002
26153,95.67045669
26155,93.99596316
26157,94.3130605
26159,92.43691611
26161,91.66229385
26163,87.55766886
26165,96.74885366
27001,90.28750196
27003,87.94632897
27005,93.19019993
27007,91.84306526
27009,91.40835516
27011,92.76260178
27013,90.30875654
27015,91.95722054
27017,90.26110858
27019,88.61037588
27021,90.3631841
27023,91.04462022
27025,90.56618236
27027,91.96917011
27029,92.08695135
27031,91.50978404
27033,93.20683907
27035,89.78638816
27037,86.38381146
27039,92.45928637
27041,93.24740711
27043,92.63374681
27045,92.38244376
27047,92.42850682
27049,90.19722713
27051,93.79411013
27053,85.33132223
27055,90.30168618
27057,92.30631852
27059,89.95451453
27061,90.8812888
27063,94.06630507
27065,92.64077339
27067,92.67357133
27069,91.6057186
27071,92.6690519
27073,92.13575321
27075,91.19348682
27077,92.55036837
27079,89.47316834
27081,92.33674985
27083,89.56559459
27085,90.63127251
27087,92.37054708
27089,91.73610124
27091,92.02302928
27093,91.46962449
27095,91.91946829
27097,91.5376055
27099,91.74076546
27101,92.24264052
27103,90.20278822
27105,93.29053698
27107,92.15600062
27109,92.17052979
27111,93.49470891
27113,89.9126095
27115,91.36185289
27117,94.46066633
27119,91.14268231
27121,93.09384612
27123,83.52272621
27125,90.91468952
27127,91.47074151
27129,91.81944204
27131,90.3253075
27133,93.93355522
27135,91.45226359
27137,93.64353724
27139,87.88677538
27141,89.60780099
27143,90.63377233
27145,91.31098979
27147,91.99272303
27149,94.81869518
27151,92.24273126
27153,93.51175742
27155,92.51881849
27157,91.03885284
27159,93.8947497
27161,92.15088842
27163,85.80642691
27165,92.54636916
27167,92.84571762
27169,89.83617978
27171,89.9056379
27173,91.82755548
28001,86.03641535
28003,88.33628877
28005,89.91119755
28007,89.59453958
28009,88.64606891
28011,86.27221069
28013,89.3466106
28015,89.11848385
28017,90.1384312
28019,90.28711078
28021,89.51299828
28023,88.38406594
28025,87.65326022
28027,86.47451032
28029,88.08672541
28031,88.34948982
28033,85.83540105
28035,87.42334023
28037,89.45204451
28039,90.77710773
28041,90.07716867
28043,89.63662232
28045,94.70298571
28047,91.77731462
28049,88.32325887
28051,88.82070909
28053,86.9168851
28055,88.161441
28057,88.05255093
28059,93.21753531
28061,89.58642428
28063,87.67744358
28065,88.91601457
28067,87.83747313
28069,88.07458348
28071,88.95486964
28073,87.71398012
28075,87.72277333
28077,89.26801448
28079,89.13251466
28081,87.89768702
28083,87.28547029
28085,89.95138805
28087,85.01463251
28089,88.61295076
28091,89.74538093
28093,88.65889372
28095,87.88780807
28097,91.07071604
28099,87.58277655
28101,90.16467476
28103,87.35807986
28105,88.36493082
28107,87.894366
28109,91.53617669
28111,89.31879349
28113,89.04014182
28115,89.18270021
28117,88.45344414
28119,87.09296813
28121,88.30606062
28123,88.8625167
28125,87.9720713
28127,90.21946287
28129,89.59601939
28131,91.58710263
28133,86.35494162
28135,88.03247937
28137,87.32450017
28139,88.91492625
28141,89.38382813
28143,85.96279842
28145,89.15167101
28147,89.51774703
28149,88.97435967
28151,86.94379313
28153,89.5830909
28155,90.23668845
28157,89.10628228
28159,88.70563624
28161,89.71091742
28163,88.11830781
29001,88.85965318
29003,89.83088404
29005,91.86781467
29007,87.02934694
29009,83.77114612
29011,85.27896159
29013,86.54567694
29015,85.61218488
29017,88.08101385
29019,85.01086352
29021,87.81835408
29023,87.33220221
29025,89.49432718
29027,85.97933189
29029,82.32914405
29031,88.06200449
29033,87.91595971
29035,88.92829578
29037,85.7289382
29039,84.50363309
29041,88.10473751
29043,86.21849696
29045,88.71235445
29047,86.08480389
29049,88.3039025
29051,84.58973672
29053,85.63236727
29055,86.30122164
29057,85.05809917
29059,84.79420761
29061,89.25999258
29063,88.92351582
29065,83.88234986
29067,86.53375974
29069,85.98149871
29071,86.4196939
29073,86.80047594
29075,90.57826149
29077,84.40878504
29079,88.4288142
29081,89.98443837
29083,86.54896255
29085,84.66105576
29087,90.36873518
29089,86.48805775
29091,85.44137084
29093,86.40388077
29095,84.24437243
29097,83.94632733
29099,86.50962019
29101,86.95596063
29103,88.63757288
29105,83.07628746
29107,87.36720255
29109,85.17768675
29111,88.78643499
29113,87.68103529
29115,88.85232002
29117,88.48707993
29119,84.77918757
29121,88.3706406
29123,87.71349277
29125,84.01355307
29127,88.62185256
29129,89.17242868
29131,82.00976171
29133,87.21683306
29135,85.08784425
29137,87.99922328
29139,87.12970928
29141,84.96921641
29143,86.35671886
29145,85.30201182
29147,92.01509321
29149,87.47815459
29151,85.28585444
29153,84.51645587
29155,85.14484911
29157,88.57466228
29159,86.49269697
29161,84.62485396
29163,88.85301821
29165,85.1049933
29167,85.11395658
29169,83.539268
29171,90.11990056
29173,88.46383003
29175,86.59460604
29177,87.81584041
29179,87.13740702
29181,90.04642953
29183,86.62092649
29185,84.29725486
29186,86.79417573
29187,85.56036499
29189,85.40767758
29195,87.3732581
29197,90.01189841
29199,89.79688516
29201,87.90274698
29203,86.93106987
29205,88.8635354
29207,87.30987227
29209,84.44374117
29211,89.49950557
29213,84.02428467
29215,84.96600313
29217,85.47949269
29219,87.3857417
29221,86.93776685
29223,87.80528401
29225,84.73553702
29227,91.81667266
29229,85.43512141
29510,84.53291643
30001,85.79605993
30003,83.88646504
30005,90.33367984
30007,80.79950183
30009,77.26281532
30011,92.02868562
30013,81.13949793
30015,85.84299565
30017,92.11885652
30019,95.81489906
30021,90.52202436
30023,88.95213439
30025,93.74427249
30027,85.56185589
30029,88.22868986
30031,81.54157374
30033,90.47275154
30035,83.53140458
30037,84.16910858
30039,89.22924817
30041,90.84487048
30043,80.51605652
30045,85.07346252
30047,87.53815248
30049,83.78708017
30051,90.22634238
30053,87.14466563
30055,92.63968095
30057,78.68542673
30059,85.08745086
30061,87.24184477
30063,89.83877891
30065,84.56504132
30067,78.14302577
30069,87.80075468
30071,92.21161428
30073,84.48858092
30075,90.11313481
30077,89.81646842
30079,92.36645025
30081,88.26344591
30083,90.16179607
30085,94.07033076
30087,89.41268478
30089,88.1799315
30091,95.67213278
30093,86.43649255
30095,76.31480738
30097,76.38725241
30099,82.26761271
30101,88.07908773
30103,87.2847289
30105,94.30662081
30107,84.83672561
30109,91.03488093
30111,83.19782152
31001,89.35505835
31003,91.43741088
31005,90.45238684
31007,87.08017756
31009,90.94471935
31011,92.030413
31013,90.33938036
31015,91.45585382
31017,89.62451774
31019,89.95159098
31021,92.71401508
31023,91.42312671
31025,91.52011912
31027,91.09610698
31029,88.18510719
31031,90.55525193
31033,87.73207559
31035,90.55005556
31037,91.08558225
31039,92.99286385
31041,91.38176184
31043,92.01472074
31045,89.50216678
31047,91.26119264
31049,88.76769925
31051,92.3271564
31053,91.40977862
31055,89.71874545
31057,88.19299618
31059,90.29318088
31061,90.44842563
31063,90.87283894
31065,90.51202557
31067,91.03736806
31069,90.3783949
31071,91.48550966
31073,90.88635401
31075,90.93466682
31077,91.83525444
31079,89.44076317
31081,89.91545145
31083,89.97122644
31085,89.58047305
31087,89.33407213
31089,90.33077418
31091,90.96297402
31093,89.80364166
31095,91.10698629
31097,92.48429972
31099,89.86283808
31101,90.34992993
31103,90.43157815
31105,87.29208243
31107,90.35380244
31109,91.02272662
31111,91.7465396
31113,91.63722728
31115,91.02295438
31117,91.41874062
31119,91.81031475
31121,89.07868273
31123,89.05875133
31125,90.21758874
31127,91.82021071
31129,90.62200858
31131,92.11958971
31133,91.27722361
31135,90.16442735
31137,89.98836536
31139,91.39924219
31141,90.75190496
31143,90.38966003
31145,89.88935937
31147,90.84572694
31149,90.69866723
31151,90.76481292
31153,90.51774389
31155,91.47592551
31157,88.87154376
31159,91.21683789
31161,91.27083757
31163,90.8061321
31165,89.1853839
31167,91.76880993
31169,91.47084704
31171,90.68710291
31173,92.36442393
31175,91.34785598
31177,91.03463613
31179,92.26853072
31181,91.220144
31183,91.70534083
31185,90.75272642
32001,86.75249209
32003,58.15979843
32005,80.58461863
32007,90.56935053
32009,77.06871463
32011,90.37590827
32013,88.89546629
32015,87.05329404
32017,72.4100324
32019,84.33526116
32021,79.57534231
32023,79.13234362
32027,86.89504388
32029,81.73938844
32031,86.44805245
32033,87.11240371
32510,82.58270073
33001,84.63615262
33003,88.43232259
33005,85.84619253
33007,92.34933467
33009,88.55935927
33011,85.17530951
33013,86.60695355
33015,84.98874668
33017,84.42863506
33019,87.05785509
34001,85.58835398
34003,78.06267376
34005,83.05642719
34007,80.92303678
34009,82.78986758
34011,85.98580007
34013,78.85487712
34015,79.70672622
34017,72.85705743
34019,82.26901484
34021,80.27743484
34023,78.04764311
34025,77.65885528
34027,82.2825376
34029,83.30512428
34031,81.15765483
34033,81.77813119
34035,82.44065971
34037,83.58367322
34039,77.37176393
34041,82.96764378
35001,78.82332756
35003,79.08972983
35005,75.95845984
35006,87.04304675
35007,80.77425597
35009,76.56418369
35011,77.26697418
35013,69.94891637
35015,73.29118306
35017,72.618584
35019,77.63938375
35021,79.12298424
35023,73.74217685
35025,75.76905243
35027,73.54654418
35028,74.55125033
35029,74.67892843
35031,88.33966412
35033,78.23652079
35035,72.02796324
35037,77.83336761
35039,81.7531937
35041,77.23505687
35043,81.17549576
35045,86.59216396
35047,76.51648969
35049,78.85585952
35051,68.85653809
35053,76.5223162
35055,81.34275448
35057,80.81118107
35059,80.85562024
35061,81.51161064
36001,88.9126173
36003,89.83377083
36005,71.92843085
36007,87.56059637
36009,91.25981743
36011,88.91385905
36013,88.13147594
36015,88.66499106
36017,91.04303887
36019,88.54305161
36021,86.3486137
36023,90.2153527
36025,88.82758714
36027,86.76569627
36029,89.80516149
36031,91.41573013
36033,95.41118808
36035,93.8563732
36037,90.696828
36039,86.49185065
36041,96.8691457
36043,95.85930588
36045,94.98248252
36047,71.94913615
36049,97.08333451
36051,89.20361496
36053,92.24418595
36055,88.88278632
36057,90.25668432
36059,75.4576633
36061,70.61569091
36063,91.17425767
36065,93.39241694
36067,90.84088224
36069,88.45769591
36071,83.03483029
36073,89.62643632
36075,92.28486978
36077,92.04730615
36079,83.14242841
36081,72.88212073
36083,87.2163311
36085,72.48764283
36087,79.55998706
36089,95.41076559
36091,91.074092
36093,89.45842426
36095,89.57860942
36097,87.992706
36099,87.41324773
36101,90.02034846
36103,81.60894487
36105,84.27818278
36107,89.15949312
36109,87.94294971
36111,83.6978904
36113,93.79382697
36115,89.87195144
36117,88.80890653
36119,78.4328063
36121,91.57650107
36123,86.67318643
37001,78.04672339
37003,79.23820557
37005,80.88090311
37007,81.78442211
37009,81.74580665
37011,79.96718339
37013,79.74742864
37015,82.08001689
37017,78.47169466
37019,89.37666782
37021,84.46939179
37023,80.79908738
37025,81.06424318
37027,80.41256351
37029,86.1083585
37031,88.03498528
37033,80.09290123
37035,79.47581164
37037,79.18945477
37039,90.00325603
37041,80.0425921
37043,90.2930309
37045,82.03446124
37047,81.54451008
37049,82.01391369
37051,78.63720018
37053,85.36232754
37055,86.20789425
37057,80.71476748
37059,83.43424999
37061,81.15681573
37063,79.57896441
37065,82.05884517
37067,78.17692785
37069,81.30530198
37071,79.65205257
37073,83.62583954
37075,87.82232623
37077,80.21643238
37079,79.46399091
37081,77.57320781
37083,81.52758653
37085,79.33236752
37087,84.66093445
37089,83.40615359
37091,82.96430373
37093,81.51540053
37095,84.53587261
37097,81.78609765
37099,86.98602797
37101,79.99421379
37103,82.91239511
37105,80.87904931
37107,80.42094554
37109,79.60651755
37111,81.55720303
37113,86.49999441
37115,86.57815695
37117,81.18301122
37119,79.79873317
37121,82.02381381
37123,82.16535535
37125,79.81089312
37127,81.88108198
37129,90.34138974
37131,83.01741248
37133,85.51519861
37135,78.98556157
37137,82.55643979
37139,85.38472672
37141,84.0595423
37143,81.98708644
37145,80.02934632
37147,78.45305484
37149,81.33118691
37151,79.0813327
37153,82.63055894
37155,80.99693053
37157,80.23404222
37159,82.19842855
37161,81.69166308
37163,79.27926687
37165,82.20072158
37167,81.40015784
37169,80.24067735
37171,77.99279697
37173,86.90102112
37175,85.75131627
37177,83.54277814
37179,80.76868104
37181,82.40931427
37183,78.9752959
37185,82.3265138
37187,80.69438055
37189,81.52635142
37191,79.46865486
37193,78.24175356
37195,80.98987684
37197,81.41038424
37199,82.23496009
38001,93.13844209
38003,94.78734283
38005,90.87898065
38007,92.35893186
38009,91.1471633
38011,93.93008568
38013,92.84802571
38015,92.27783021
38017,93.38686316
38019,94.21958195
38021,93.0624863
38023,96.08658945
38025,91.18821345
38027,91.42579373
38029,91.87462505
38031,92.84635918
38033,91.92948748
38035,93.35650001
38037,92.85557211
38039,94.48340819
38041,93.25800463
38043,92.0543828
38045,93.3881218
38047,91.67945961
38049,91.82151205
38051,91.07275854
38053,90.6724384
38055,90.68724804
38057,90.93528123
38059,93.00199402
38061,91.2981966
38063,93.37079295
38065,92.24928377
38067,93.85910189
38069,93.02830725
38071,90.24718249
38073,93.53657003
38075,89.85576939
38077,93.37759256
38079,94.41757921
38081,93.98772862
38083,90.51015072
38085,91.87807063
38087,93.38291019
38089,92.07504634
38091,95.1189106
38093,92.9519126
38095,92.83079068
38097,92.87628631
38099,92.50955115
38101,89.18564612
38103,91.64721505
38105,93.92260357
39001,90.04323143
39003,89.56155525
39005,91.28665576
39007,89.41923133
39009,92.78270965
39011,89.708729
39013,87.5171285
39015,89.74622401
39017,89.65874531
39019,88.95751076
39021,90.39173211
39023,90.83396578
39025,88.14794047
39027,89.72104446
39029,89.39974614
39031,90.42623741
39033,91.30271237
39035,85.4704052
39037,90.62380943
39039,91.49198499
39041,89.60471222
39043,88.74278968
39045,90.51197489
39047,90.83221614
39049,88.84943998
39051,92.12748688
39053,91.0577179
39055,91.64503223
39057,89.77755822
39059,88.88659704
39061,88.11174955
39063,89.96480509
39065,90.36494147
39067,88.5961275
39069,91.52464887
39071,90.28868906
39073,92.80616001
39075,91.24805168
39077,91.94764585
39079,92.6906235
39081,86.16143793
39083,92.19500331
39085,85.87957565
39087,90.24779741
39089,90.92488231
39091,90.74349766
39093,88.76169279
39095,89.33830618
39097,90.44177936
39099,90.4266182
39101,90.61206349
39103,90.55533325
39105,92.01838344
39107,89.56351669
39109,89.77088177
39111,89.42418401
39113,89.06032338
39115,91.50126361
39117,91.27975889
39119,90.0977342
39121,90.64373446
39123,88.30202108
39125,92.00089448
39127,92.1160618
39129,91.41491193
39131,91.71426398
39133,90.86698541
39135,90.56429805
39137,90.81930297
39139,91.08514813
39141,92.54546322
39143,91.1412672
39145,90.28547738
39147,91.36199182
39149,91.11064361
39151,89.16760628
39153,88.45466085
39155,90.71074841
39157,88.90493755
39159,89.45657059
39161,90.9144901
39163,94.49741725
39165,88.85163416
39167,90.16120252
39169,90.35796918
39171,92.47345094
39173,91.15670676
39175,90.85308374
40001,84.30815057
40003,89.05395968
40005,88.37576472
40007,87.13999685
40009,85.93430685
40011,88.60542066
40013,87.66113258
40015,87.95903946
40017,86.14009793
40019,86.67475949
40021,85.47530341
40023,87.91441684
40025,81.69252382
40027,84.83543559
40029,88.0754715
40031,86.10776236
40033,85.75084031
40035,85.67802401
40037,84.50131625
40039,87.06013646
40041,84.47185235
40043,88.48188248
40045,87.79808979
40047,86.5813549
40049,86.56865741
40051,88.04340881
40053,87.71075347
40055,86.02990681
40057,85.58174943
40059,88.55069236
40061,83.70168333
40063,86.51744243
40065,85.82723102
40067,85.85951816
40069,87.9104943
40071,86.55133906
40073,87.3786039
40075,86.15932699
40077,86.68168883
40079,88.15341166
40081,85.87332768
40083,84.73453092
40085,86.87771663
40087,86.42373405
40089,90.47767183
40091,84.42784112
40093,88.57971234
40095,87.32282451
40097,84.77905532
40099,87.16619141
40101,85.0125318
40103,86.40053654
40105,85.66002526
40107,84.10809185
40109,83.79291233
40111,84.38312972
40113,86.05245529
40115,85.7012676
40117,85.65132668
40119,85.57181611
40121,85.53038761
40123,85.98310151
40125,85.72462517
40127,88.72320963
40129,86.5585406
40131,84.99832897
40133,85.82268204
40135,83.51245082
40137,87.40913863
40139,83.00356462
40141,85.18509106
40143,83.28631716
40145,84.22831032
40147,86.37995655
40149,85.44995824
40151,90.04672466
40153,88.74257279
41001,91.00240935
41003,97.14168872
41005,92.67982938
41007,96.27309334
41009,96.55328255
41011,95.6344149
41013,92.2032104
41015,92.38545603
41017,92.48779581
41019,92.1639265
41021,94.11286286
41023,89.19301542
41025,91.70858094
41027,93.06975763
41029,87.28167412
41031,92.81176558
41033,87.45223639
41035,91.12107818
41037,92.08236516
41039,93.28878314
41041,96.40256241
41043,93.51618862
41045,91.18259732
41047,93.86731168
41049,93.09703922
41051,92.77335658
41053,95.84228374
41055,95.43261801
41057,95.71464456
41059,92.12863512
41061,90.13624178
41063,88.30774488
41065,94.22702711
41067,95.52261874
41069,89.62545778
41071,95.13112988
42001,83.30462642
42003,86.95260766
42005,91.94403636
42007,86.92847531
42009,85.39725602
42011,81.11810528
42013,84.39384193
42015,87.88003728
42017,81.61815107
42019,89.82990146
42021,89.12275743
42023,89.1240523
42025,82.78727371
42027,84.33531574
42029,81.5251527
42031,91.49659114
42033,88.49164201
42035,86.13032265
42037,83.87779576
42039,91.51430385
42041,81.88886147
42043,82.20421889
42045,78.35627908
42047,90.96243234
42049,88.58610892
42051,88.16094968
42053,91.86581892
42055,81.73165154
42057,83.44751572
42059,88.21480826
42061,83.19945528
42063,92.01328625
42065,90.42316066
42067,83.84430734
42069,83.31973895
42071,80.17891214
42073,90.1827972
42075,81.7980987
42077,82.13187979
42079,82.93032296
42081,86.13554727
42083,91.45627794
42085,91.26291862
42087,83.62863179
42089,83.40943506
42091,80.89454913
42093,84.53495174
42095,82.41334664
42097,84.63704375
42099,83.452748
42101,77.00730571
42103,84.27831006
42105,89.62715314
42107,82.92980995
42109,85.45595185
42111,89.14536933
42113,86.65312066
42115,87.91116475
42117,89.36480384
42119,84.90249085
42121,91.31750203
42123,90.85613352
42125,87.05525938
42127,85.65370203
42129,89.16651754
42131,84.34103682
42133,80.54865094
44001,79.43536604
44003,79.87015394
44005,80.43457057
44007,79.87685052
44009,81.42900545
45001,83.84441118
45003,84.91522523
45005,87.63493805
45007,82.67306337
45009,83.43040089
45011,86.03229967
45013,88.04770896
45015,87.21391154
45017,82.80701856
45019,86.68689289
45021,83.70396137
45023,83.43865103
45025,83.53238738
45027,82.28481803
45029,86.79160024
45031,82.63758747
45033,82.20398977
45035,85.74921124
45037,85.24972236
45039,83.12612465
45041,81.80045954
45043,86.12692734
45045,80.91953471
45047,83.77037442
45049,87.06998956
45051,84.58532628
45053,89.02637614
45055,83.81176138
45057,82.7457014
45059,84.31713444
45061,83.58099275
45063,83.50771182
45065,84.99171638
45067,81.90566482
45069,82.67606123
45071,83.19046268
45073,81.99505493
45075,82.62787574
45077,82.87312912
45079,82.16611128
45081,84.93608474
45083,82.30717512
45085,81.919146
45087,83.90829316
45089,84.40986128
45091,81.63236084
46003,90.72843204
46005,93.33071265
46007,90.77879342
46009,90.26236288
46011,92.00578297
46013,94.07026971
46015,91.85143466
46017,93.68842881
46019,90.72360557
46021,91.93172833
46023,90.42544031
46025,94.08867861
46027,92.85962325
46029,93.50057073
46031,91.60185368
46033,80.82446602
46035,89.55044534
46037,93.3452695
46039,93.00495986
46041,91.20207096
46043,90.34007293
46045,93.34768041
46047,87.89499197
46049,93.04644547
46051,93.17816644
46053,90.98942152
46055,91.28469694
46057,94.17495511
46059,93.28871411
46061,89.16761327
46063,91.95427945
46065,92.66128098
46067,90.50644866
46069,93.27262506
46071,90.1108651
46073,91.15467216
46075,90.55299864
46077,92.21291351
46079,92.15824175
46081,77.28712635
46083,93.56115763
46085,90.98684404
46087,92.09027648
46089,91.73877556
46091,93.45373124
46093,89.81399212
46095,89.75597321
46097,92.00459497
46099,93.36821499
46101,93.85760947
46103,86.00313216
46105,92.4300459
46107,93.12529234
46109,92.4031733
46111,91.2674793
46115,93.98289525
46117,91.41611564
46119,92.89724782
46121,90.46171933
46123,88.56455282
46125,92.54710278
46127,93.40443518
46129,92.29208913
46135,89.61141146
46137,90.70870178
47001,87.2694155
47003,88.41854364
47005,87.36636963
47007,88.47827593
47009,87.75419051
47011,89.95593215
47013,90.06083412
47015,90.11635923
47017,86.96552616
47019,84.27383087
47021,88.05837881
47023,88.02101912
47025,92.37810196
47027,89.39957285
47029,87.87232961
47031,89.63836889
47033,84.66067301
47035,89.260419
47037,86.65254718
47039,88.03644252
47043,88.01559326
47045,82.64434705
47047,85.90086064
47049,89.90939186
47051,88.69611455
47053,86.28622761
47055,88.8915135
47057,91.83281717
47059,90.52675662
47061,89.86875207
47063,91.81661861
47065,87.1422432
47067,90.73258299
47069,87.47144683
47071,88.09954657
47073,89.94612302
47075,85.06658031
47077,87.07805372
47079,86.91884901
47081,88.37895444
47083,87.90777565
47085,87.78121835
47087,89.63778241
47089,91.25020063
47091,84.38208034
47093,88.54158593
47095,85.67220953
47097,84.10878743
47099,88.03874504
47101,88.75599839
47103,88.41122813
47105,88.4575537
47107,92.22655607
47109,87.85923948
47111,88.53397481
47113,86.55147055
47115,87.66994245
47117,88.97661733
47119,88.90361357
47121,93.05310101
47123,88.07276697
47125,87.39923427
47127,89.56046269
47129,89.39363203
47131,86.8621245
47133,89.78694794
47135,88.47460795
47137,89.60180195
47139,88.91970936
47141,89.40765432
47143,90.43810133
47145,89.22044001
47147,88.79433648
47149,89.03306081
47151,90.80193183
47153,87.54332232
47155,88.47009216
47157,84.82850993
47159,88.46932673
47161,86.98745924
47163,87.17424733
47165,88.17971926
47167,86.01093957
47169,88.52498401
47171,84.85126112
47173,91.83044361
47175,89.97226777
47177,88.38577382
47179,87.46271307
47181,88.73946312
47183,86.85306888
47185,88.66268143
47187,87.59139355
47189,88.25296084
48001,86.32334765
48003,75.28656966
48005,87.57642566
48007,95.07467771
48009,84.31953284
48011,80.36891331
48013,86.32850712
48015,88.86873504
48017,79.59696593
48019,85.18353304
48021,87.21945956
48023,84.39197414
48025,88.01993535
48027,83.31630533
48029,83.68021021
48031,84.85978751
48033,77.23536786
48035,85.46743345
48037,87.80445928
48039,92.09737102
48041,85.57245445
48043,69.99518667
48045,78.31192057
48047,91.83484357
48049,87.07473492
48051,87.56551841
48053,83.84269632
48055,85.35838352
48057,94.58671504
48059,82.85797048
48061,94.322769
48063,86.26261673
48065,81.25543022
48067,87.57929042
48069,80.98888298
48071,94.01348738
48073,85.57081057
48075,81.19223274
48077,85.25958626
48079,78.33850562
48081,82.15563558
48083,84.82228937
48085,85.10651437
48087,83.1360662
48089,89.97450715
48091,83.94289607
48093,84.88592066
48095,85.16346912
48097,84.47801524
48099,84.73310288
48101,81.13316704
48103,73.64417104
48105,81.00825197
48107,78.10116943
48109,70.72467218
48111,81.68126419
48113,82.03938384
48115,78.22794243
48117,79.98382942
48119,86.7968318
48121,83.11746015
48125,79.54759223
48127,85.96831753
48129,81.59030862
48131,88.87831663
48133,85.70952573
48135,73.64356258
48137,82.61635203
48139,83.70355864
48141,70.07005057
48143,85.58093635
48145,84.89941938
48147,86.81203213
48149,86.18697558
48151,78.57131797
48153,77.9813638
48155,84.05816573
48157,87.66438472
48159,86.15666104
48161,85.55642813
48163,86.1774344
48165,77.32148684
48167,91.99630638
48169,77.5010379
48171,84.30804031
48173,78.75126615
48175,89.00485362
48177,86.16642482
48179,82.36003405
48181,84.70114093
48183,85.97299204
48185,87.07383691
48187,84.7202257
48189,78.27528557
48191,80.58061801
48193,85.00591235
48195,83.09161531
48197,84.71638452
48199,90.76831194
48201,87.31005873
48203,86.91121307
48205,82.57741323
48207,82.75795106
48209,83.50913506
48211,86.1402622
48213,86.60569128
48215,91.4398432
48217,83.94998098
48219,78.24233084
48221,85.57716415
48223,87.16111434
48225,87.59314768
48227,77.60996195
48229,72.45380977
48231,86.60672372
48233,80.08112953
48235,82.91188307
48237,85.84325398
48239,91.45024646
48241,90.60959308
48243,67.35071265
48245,89.96521208
48247,89.36258787
48249,89.75766939
48251,82.96738785
48253,80.20572619
48255,87.05763679
48257,85.23449407
48259,84.97213795
48261,94.80088903
48263,79.78786271
48265,85.32797105
48267,86.10110415
48269,82.30222156
48271,82.4230998
48273,92.91304302
48275,83.38696529
48277,85.54285399
48279,79.33835249
48281,85.51583686
48283,85.71717334
48285,87.75784158
48287,87.17621005
48289,87.83221109
48291,90.87974343
48293,85.67527339
48295,87.27053712
48297,89.1747788
48299,85.71549295
48301,72.83780806
48303,77.69801925
48305,76.62031515
48307,85.13712148
48309,85.30917638
48311,87.61844904
48313,87.17643068
48315,87.3657712
48317,76.2712427
48319,85.42081978
48321,94.21915144
48323,83.87593218
48325,84.57523076
48327,86.08988263
48329,75.52239331
48331,86.17546436
48333,84.66062215
48335,79.16278108
48337,85.95987304
48339,88.16259315
48341,81.88602931
48343,86.22088075
48345,78.22245362
48347,87.85768326
48349,85.0564912
48351,90.26821187
48353,78.50440592
48355,92.40307229
48357,85.77279008
48359,81.58680159
48361,90.88800198
48363,85.15490806
48365,87.07328938
48367,85.19142168
48369,78.95342141
48371,70.183252
48373,89.24298403
48375,81.12383954
48377,69.01147735
48379,87.66932301
48381,80.33253573
48383,79.98861846
48385,84.44799383
48387,87.86070699
48389,72.31682104
48391,93.99075501
48393,83.70287036
48395,86.40101305
48397,85.46599585
48399,83.97819388
48401,86.43232508
48403,87.8648855
48405,88.17824109
48407,88.8111811
48409,92.32448716
48411,85.51830301
48413,85.0048839
48415,78.7976929
48417,83.15575677
48419,88.17046413
48421,82.68920529
48423,84.26165312
48425,85.97069453
48427,89.96513359
48429,85.65766604
48431,81.36919782
48433,81.54442857
48435,86.01127983
48437,80.33292357
48439,81.03795048
48441,80.42077438
48443,74.10795073
48445,77.55140773
48447,85.01368043
48449,87.04969992
48451,83.55798512
48453,83.04760049
48455,87.37997553
48457,90.12976234
48459,87.19861619
48461,75.82060145
48463,83.76781938
48465,81.18133454
48467,86.28254243
48469,91.38356547
48471,85.87388756
48473,88.81572149
48475,73.42980334
48477,88.27999516
48479,84.21143288
48481,89.8559662
48483,84.72102187
48485,83.2492111
48487,85.21158341
48489,95.07880343
48491,83.6597313
48493,86.54471357
48495,73.44343798
48497,85.82075478
48499,87.76749046
48501,77.92185761
48503,85.56358151
48505,86.08684501
48507,84.27665368
49001,84.12141483
49003,90.48003646
49005,89.97323364
49007,81.37974393
49009,85.61411994
49011,87.27875936
49013,84.38835774
49015,85.26539172
49017,81.29436805
49019,82.92124164
49021,85.31626369
49023,84.95661807
49025,77.45425838
49027,85.11039836
49029,85.36477156
49031,80.3011832
49033,91.88476398
49035,81.55418447
49037,79.75916995
49039,81.21388124
49041,80.35302227
49043,84.79192371
49045,88.77634628
49047,87.88362373
49049,80.70174732
49051,82.80418822
49053,66.68537346
49055,83.01606824
50001,86.5339773
50003,88.81529972
50005,92.67699013
50007,86.11332527
50009,92.81242081
50011,87.32004819
50013,84.59043269
50015,90.36360934
50017,91.22503701
50019,92.02895141
50021,86.62967087
50023,90.02336105
50025,88.83595462
50027,89.74766467
51001,85.9597552
51003,79.53352439
51005,86.01803964
51007,84.86507105
51009,81.99571001
51011,82.69449319
51013,77.73419225
51015,84.95931883
51017,88.52517087
51019,80.39010842
51021,83.84764755
51023,80.26883588
51025,84.60299377
51027,86.34379439
51029,83.79654212
51031,82.1618289
51033,81.35784121
51035,80.69111015
51036,78.31554041
51037,83.81725891
51041,82.55608191
51043,83.52816641
51045,81.51560959
51047,85.88602333
51049,84.27581868
51051,86.90867034
51053,85.31252154
51057,80.338655
51059,79.55940615
51061,83.79496207
51063,81.33235374
51065,84.27039908
51067,81.23286061
51069,84.80852264
51071,83.42992814
51073,84.88604804
51075,84.49983293
51077,82.38612333
51079,80.82892293
51081,86.13593369
51083,83.57508676
51085,81.87158824
51087,79.19746746
51089,84.45458782
51091,90.24030278
51093,82.05608142
51095,81.14799296
51097,82.69491268
51099,79.78265729
51101,81.86344505
51103,86.83217033
51105,89.45610405
51107,82.84031833
51109,84.7935949
51111,83.55582077
51113,83.43296539
51115,87.56749475
51117,82.75639617
51119,85.37482955
51121,82.57493775
51125,82.50765331
51127,80.33453019
51131,85.23426213
51133,86.70180412
51135,83.82471252
51137,85.83531682
51139,84.57347231
51141,80.21352314
51143,83.65713368
51145,84.94212787
51147,83.22654612
51149,80.46248138
51153,80.27167917
51155,83.21562471
51157,84.58019341
51159,80.63432849
51161,77.71024502
51163,85.14539888
51165,84.77635704
51167,86.12956616
51169,86.90931691
51171,86.27747129
51173,84.5176122
51175,85.0081722
51177,84.00945404
51179,80.9487505
51181,80.86713485
51183,84.99385095
51185,84.89905082
51187,84.14480275
51191,86.92620934
51193,81.2050261
51195,84.60149335
51197,83.68665822
51199,84.0531524
51510,76.21489572
51520,87.33870819
51540,76.14377732
51550,83.32339153
51590,80.00688608
51600,80.68248553
51610,80.42374162
51630,82.03673253
51650,82.83815086
51660,85.45198825
51680,80.06325354
51690,86.68090336
51700,80.96640589
51710,79.89313423
51730,82.55402449
51735,84.75408412
51740,79.65477112
51750,83.78720986
51760,79.63007594
51770,75.1226884
51775,75.71335929
51790,83.26793823
51800,84.58287351
51810,82.33702694
51830,81.63759085
51840,84.1764307
53001,95.13200647
53003,88.56624833
53005,93.59322248
53007,91.3914841
53009,96.45763536
53011,95.00612615
53013,91.70792182
53015,94.42868931
53017,93.19304897
53019,90.09201692
53021,93.48982265
53023,91.19351517
53025,94.22553921
53027,96.90759564
53029,95.65997354
53031,95.07483003
53033,92.58368536
53035,93.88813495
53037,91.78072752
53039,94.68166595
53041,94.28680747
53043,95.27967615
53045,96.04262102
53047,89.15199946
53049,97.6728752
53051,94.65478399
53053,92.68765264
53055,96.16461707
53057,92.39787108
53059,93.34409644
53061,92.91289443
53063,94.73268715
53065,93.51643363
53067,97.17872442
53069,96.70827237
53071,92.8168286
53073,90.77651488
53075,93.77779039
53077,92.2189085
54001,90.27219995
54003,81.85899926
54005,87.33151063
54007,89.7007214
54009,84.45638836
54011,88.30457244
54013,91.0151373
54015,89.32850085
54017,90.85269049
54019,87.35228428
54021,90.31494961
54023,87.5054147
54025,91.36066013
54027,86.25482183
54029,86.56899851
54031,87.74610062
54033,89.30802703
54035,90.78690267
54037,82.76502436
54039,88.22373601
54041,89.93174356
54043,88.65807447
54045,85.74151568
54047,85.58333716
54049,89.15404482
54051,87.40318893
54053,90.23302362
54055,82.48695272
54057,86.80959957
54059,86.35547584
54061,86.8005969
54063,88.65865716
54065,83.39500723
54067,90.70500107
54069,83.99700349
54071,86.41356723
54073,90.06812914
54075,91.21632472
54077,88.4271058
54079,88.61615888
54081,86.29872884
54083,89.24301874
54085,90.95889878
54087,90.89202325
54089,85.15684469
54091,88.139414
54093,88.58069274
54095,90.94102255
54097,90.19327964
54099,87.6292687
54101,89.66712042
54103,89.84591162
54105,91.53050561
54107,89.06674107
54109,86.54663287
55001,92.77577737
55003,93.9578874
55005,93.05699927
55007,93.54856754
55009,89.13422689
55011,89.09878681
55013,90.7414285
55015,89.90801058
55017,92.17597334
55019,92.49970392
55021,91.66899629
55023,90.98142226
55025,91.11897614
55027,92.56567761
55029,87.91494671
55031,91.58826144
55033,90.54501518
55035,91.04194361
55037,94.990028
55039,89.84958569
55041,95.34408123
55043,91.59394561
55045,93.00314878
55047,91.71189608
55049,91.72255536
55051,95.26960456
55053,93.09629818
55055,92.13180443
55057,93.33059814
55059,89.60848298
55061,90.53730916
55063,89.64958723
55065,92.57848811
55067,95.4618051
55069,94.45696968
55071,89.34628542
55073,92.00805687
55075,92.47992442
55077,92.27130166
55078,94.59637968
55079,88.13688345
55081,93.47204156
55083,92.92530801
55085,95.00727645
55087,90.74333392
55089,91.25432494
55091,89.50034093
55093,88.75747061
55095,91.26900957
55097,92.43476068
55099,95.29997947
55101,90.64959589
55103,92.23581281
55105,91.98983041
55107,93.35242309
55109,89.14815577
55111,91.99915621
55113,93.27927079
55115,93.63560777
55117,89.6924922
55119,93.21578413
55121,91.35194282
55123,91.53859238
55125,95.77334873
55127,91.73843498
55129,91.06842222
55131,92.68167575
55133,92.27560298
55135,92.07530229
55137,91.60457199
55139,89.20697486
55141,90.76243771
56001,85.88823238
56003,86.0890435
56005,88.54726544
56007,84.79776242
56009,86.54884622
56011,88.90858215
56013,85.07929933
56015,86.72032889
56017,78.86984416
56019,84.68831068
56021,80.98033214
56023,89.72153607
56025,81.86388625
56027,88.53460453
56029,74.83806906
56031,82.81105023
56033,86.48876718
56035,92.07652647
56037,90.30135523
56039,85.39998492
56041,89.49451215
56043,87.91416158
56045,88.53059485
