FIPS,meanUVAJAN01APR30
27077,667.1044839
53019,633.4201857
53065,632.0298481
53047,677.8250727
53051,641.6668361
16021,650.2241174
30053,629.1696947
30029,663.6942781
30035,690.9182576
30101,648.9719528
30051,653.1501873
30041,677.4869607
30091,691.8314144
38023,678.8383598
38013,667.2647949
38075,649.0721017
38009,674.0506535
38079,687.9905418
38095,702.9619061
38019,756.6112478
38067,708.3889171
27069,711.9982644
27135,699.1107254
30005,692.2623697
30071,676.0991277
30105,714.2640334
30019,724.1420386
53073,613.1412276
16017,624.3645491
38101,659.2653879
27071,630.8595955
53057,591.4217517
38105,655.3615376
38049,658.0567628
27137,631.1147641
53055,547.9668959
30085,660.0746552
38061,663.4864617
27089,716.8441432
38071,738.4429424
38099,728.0235934
27007,678.1074098
38069,701.6811635
53007,692.5870537
30073,664.2878782
53009,557.900245
38005,719.2236292
30015,663.0166786
53061,595.3789641
53029,537.6145658
30089,640.8612265
27075,603.5181245
38063,756.0418566
38035,734.5372839
27119,745.5197267
27113,728.6500829
53017,670.9730098
38053,649.699249
53031,584.9305224
30083,638.2366149
30099,675.002268
30055,658.1568286
16079,665.3170513
53063,628.5122774
30047,625.9578255
27029,686.543254
16055,617.7305992
30033,675.6633209
27125,736.9775024
53025,648.80672
53043,630.69317
30049,700.0600406
53035,566.7415322
27061,660.4332299
38083,707.4339944
38103,713.16907
38055,689.9168786
38027,739.9540651
38025,650.4130526
30027,673.5494955
30021,667.7124435
53033,579.0161097
30013,665.5881929
38039,731.6738558
38091,728.0199702
38097,740.7798385
53045,578.9906119
30063,683.4184125
30069,658.4828102
30077,731.4930666
53037,677.6145912
38031,734.1259216
38057,675.2376236
53027,542.2273957
27107,739.6809862
27087,714.2840403
30061,678.0890465
27021,694.7934159
23003,631.4656165
30045,706.6938984
27057,686.4354305
16009,630.7291045
30109,665.4326614
38033,670.0702847
38007,659.4158964
38093,731.6767573
38043,746.1285963
38015,724.794181
53053,604.1616971
38065,682.5585141
53001,639.7454354
53075,637.783962
38003,730.2541755
38017,750.0656328
30079,676.9303782
27005,704.4029451
27027,755.622813
53067,563.5709017
16057,641.1836916
30059,748.9236487
53077,687.0348274
27001,692.6611149
38089,653.9120316
38059,681.5408954
55007,613.4547897
16035,667.0285893
30017,670.3501813
30087,685.5787926
30039,729.647521
27159,725.0810339
27035,701.968488
53049,558.0444455
53041,609.9694154
30007,709.8537014
27017,669.9604637
30037,705.3657584
55031,637.2572862
30065,673.7582532
30107,723.1567391
53021,650.6550646
53005,666.4050563
38037,667.428714
27111,751.8663595
53023,667.1576893
30025,679.296702
16049,729.4294761
30081,741.0392147
55003,591.7664563
38047,752.9607341
38029,724.8321865
38045,727.5833486
38087,645.485461
38041,647.642925
38073,741.0967498
38077,767.2653379
27167,760.3035775
16069,640.103454
53013,669.6744941
53071,650.9851402
55051,588.7852549
23025,621.6810185
23021,621.0929991
30043,713.7749161
30111,688.7942931
30103,683.9756675
16061,687.0126857
53003,666.7513627
38085,701.3097601
27115,684.349661
23019,603.8772093
53059,673.4586638
53015,592.1760447
53069,573.6863804
27153,745.858641
27097,742.9591096
38051,776.0408559
38021,755.2848883
38081,741.2557504
38011,649.0634383
38001,631.0087302
30023,767.1467337
27095,725.2770894
41007,579.8024361
30097,749.3564888
30031,777.6668112
30067,805.0753407
41009,588.9617918
30093,759.7732654
55129,660.7969042
55113,630.2065488
55013,664.722438
27065,719.9704093
30011,686.8949044
30095,752.4064963
27051,763.9874917
27041,753.3243277
53011,586.1559198
53039,690.4462114
30003,725.249106
27155,765.2319341
41059,670.306842
41063,733.9495768
55099,624.6018817
46021,745.7864233
46063,656.7501288
46089,795.0036953
46105,664.237513
46031,707.9069213
46013,779.2768015
30001,858.1668491
46091,757.104609
46109,757.9323591
41049,682.6556567
41061,725.2910104
30057,805.9933974
27009,766.0182296
41021,683.0310441
30075,685.1932218
27145,749.9158675
41057,611.9688067
41067,606.4773299
27121,754.8601507
27149,770.3648891
27059,730.7462373
27025,708.5584656
41055,689.2974038
55095,709.2438676
41051,595.7037055
41027,682.9574169
41065,706.9670828
16059,847.5834034
23029,616.1514261
23007,623.9032758
55005,725.8582138
55107,668.3480026
30009,808.7111446
46129,760.9068016
46045,785.2126961
46037,768.4305315
27011,778.2668247
27141,734.231074
46137,707.9991141
46041,734.5299333
41005,644.6314376
27171,760.5879444
41071,630.3000328
27003,696.3382765
27067,757.652448
27151,773.3701121
55119,667.8406007
23017,611.7412565
46051,779.2699182
27093,761.0811536
33007,611.9119595
27163,713.4868227
55017,701.5219838
41047,647.00406
27073,795.4146798
16003,785.8738896
46107,800.6629483
46049,810.6173521
27053,703.4435841
46115,792.0207336
55109,733.4707424
55033,704.2134436
46019,664.9696317
16085,827.23185
46025,794.2763463
46029,813.3919445
27023,772.3401366
27123,691.7724785
41001,769.2535537
41053,641.6309654
41069,725.5810655
46093,681.027285
41041,626.7701196
55019,702.3239629
50009,590.3358464
50013,625.069645
50011,608.8319574
50019,614.4402204
36019,609.5478303
56029,870.0828723
56011,727.3635703
56003,836.1838922
56005,765.8031289
56033,774.043357
36033,617.3043014
41023,742.7441814
27085,766.7784466
27019,745.1365126
46039,822.8592203
27037,740.5817973
27173,776.3568545
46119,768.8692008
46069,808.6390187
46059,802.2317222
27129,755.2884847
55093,734.8293641
16037,905.7648801
55035,680.73696
16087,771.7206495
41031,734.7937966
27139,740.1357942
46057,809.397541
50015,587.7260726
41043,668.3145147
46117,693.5117512
50005,614.6581998
23027,605.8597458
46055,693.9209371
16043,873.8693868
27143,760.4265848
50007,594.0539797
23011,608.4539862
27049,757.1190753
41003,648.947896
27127,718.9974548
55141,668.2502717
55091,715.3232513
56039,883.9910441
46005,790.8763741
27083,742.0698387
27081,777.0126712
46081,728.1056389
55011,681.5143769
55121,674.7953927
55053,652.5891044
16033,945.7890798
41013,761.1189711
56019,817.3142242
46065,732.5143406
36031,613.8773298
27079,768.7419583
27131,768.0588604
46077,794.6746274
46011,801.2868923
46103,711.6477352
16045,754.0311269
27015,740.0610628
50023,599.690661
23001,601.5783498
27103,749.6855268
27157,726.9589292
41045,791.1782584
23009,604.2526645
33009,620.0907624
41017,772.2914778
23013,595.9831703
16015,805.2431549
23015,581.0026638
50001,629.8157617
33003,624.561917
41039,691.3055121
27013,743.192236
55057,644.7165228
16023,948.6292717
46085,727.4605984
50017,631.3906041
27161,758.3616814
46017,730.4605831
46073,771.1823593
46101,774.1619651
27117,763.2620717
27039,764.5535068
46111,783.5179932
27101,756.082861
27033,754.7730959
27147,749.2473567
27109,726.4474185
46097,792.879976
46079,787.3986596
27169,694.5202129
56045,791.2340833
46075,695.0124729
23005,597.3034607
56043,843.2481031
55081,647.490682
16075,747.7507037
36041,617.3966563
27165,732.8810197
36043,624.5924688
55063,659.071539
16039,835.51233
56017,857.5956708
16051,966.3037528
41025,808.1415893
23023,595.5016828
56013,944.6932075
46071,681.2255799
16013,931.5990107
16081,874.6920439
50027,613.5458014
41019,713.7765304
46003,755.7739387
46015,730.3288515
16065,913.7946348
16027,742.8225911
46095,684.6043305
16025,939.0087744
46033,739.3949886
50021,606.5653891
27043,728.5238063
46099,755.0132972
27133,740.1765617
27047,752.4600508
27105,757.8965027
27063,781.9787685
27091,732.9698539
27055,671.8116203
27099,756.9324961
27045,722.7218231
46035,769.5983319
46061,784.1037294
46087,763.9909282
23031,597.7120881
36115,601.6452054
16001,750.3501669
36113,608.2285173
46123,716.5932514
33001,626.6984414
55123,664.2111245
46113,700.3654959
16073,829.4799677
16019,899.5350852
16011,891.2101607
41035,808.1883101
41037,807.8999145
41011,666.2650172
33013,622.8598144
33019,631.4110373
33017,606.4078179
55103,653.4864495
56025,924.6588867
46053,725.4433083
56027,817.0015059
46023,722.5382718
46125,734.4827691
46083,704.6696666
19195,779.7634121
19131,776.402061
19005,685.1707726
19189,737.1783051
19191,726.8326178
56009,846.1775472
19143,794.5317033
19059,781.9641763
19109,710.8735531
19089,766.8262875
19063,721.1154305
19119,710.4426912
46043,755.7823823
46067,741.2272091
46047,742.6120416
56035,993.5848147
55023,653.4850217
36091,592.8458108
46007,719.5473944
46121,702.8294273
50003,613.1162116
56023,970.1439758
36035,612.412218
33015,606.4304653
19167,685.3553469
50025,623.4660866
19141,721.439057
19033,773.1922402
19041,710.9796222
19081,748.1030818
19147,704.0248097
19067,762.5299932
19037,757.5953492
55049,683.9912912
55043,685.5919012
33011,605.8493868
16063,866.6652912
16047,814.6386023
16067,861.8865496
33005,617.1941793
46135,718.7763639
46009,717.598223
16077,856.713794
46127,683.2929215
46027,687.7095539
19065,721.8207638
19043,675.0971242
36057,600.1083367
16029,900.2269293
16005,866.3426428
31165,792.5702373
31045,765.4917142
31161,763.9214618
41029,771.0395989
31103,725.5803356
31015,747.5316638
31031,728.1572728
41015,715.1738527
36083,582.4629268
36093,578.3801287
19149,683.8092447
19035,688.4769894
19017,731.0012949
19023,732.8258557
19021,704.4307238
16083,839.0875712
19151,713.7947738
19091,717.5123024
19197,754.2437369
19069,760.5025046
36077,620.595733
31089,744.4653825
25009,601.3500168
31107,709.8723401
31027,689.7257168
16053,815.1769667
36095,598.9679747
31017,730.5296103
55065,708.1806508
36001,579.9027815
31149,747.2403604
41033,757.608643
31051,687.6465013
25003,605.6456139
25011,604.3128456
25017,600.0374681
25027,611.1714477
19061,698.7613842
16031,840.5305109
19187,703.9371356
19055,697.8495543
19019,695.5016284
19013,692.0146206
56015,788.5810315
56031,813.88203
16007,934.0033653
19193,672.7240799
19093,684.3547202
19161,698.7811758
19025,706.1858441
19079,704.8239958
25015,607.8253751
19083,704.0542722
19075,700.659324
31043,669.1388339
36025,594.5927416
17085,677.1716392
36021,584.5448782
16071,927.300686
36039,598.6706883
25025,608.0177616
56007,980.7381954
31139,712.9648039
31013,738.4296991
31003,718.3418603
56001,957.9520525
16041,889.6687305
19097,660.3463104
31179,707.4666018
25013,609.4576008
19105,668.6954847
19011,671.3208793
19113,665.8790237
19171,670.1318644
31173,686.8536895
56037,995.3730088
25023,612.0685446
25021,609.0023618
19133,678.9398328
19047,710.3290189
19027,719.0150663
19073,715.371231
19015,699.5628668
19127,682.93397
19169,692.8455748
36111,597.9178085
31039,700.895216
25005,608.8368026
31167,706.2518453
31119,725.0438324
31075,758.0850631
31115,733.5988998
31091,747.785201
31071,732.2609433
31171,732.2492334
31183,748.4622381
31009,758.4243952
36027,577.5682751
25001,610.4856712
31021,697.226445
9005,587.6476009
9003,587.9603203
19045,640.1741341
9013,602.592111
9015,614.3813224
36105,606.6500669
44007,600.1239876
49005,910.6141116
6093,816.5221482
31069,775.626092
49003,845.9193699
49033,995.6953085
31157,751.1577123
31123,760.0175268
42127,603.8922858
6015,771.7641559
32013,839.7780876
32007,890.7525808
6049,821.6038245
32031,869.1178111
19031,651.9115467
31011,734.9005418
19099,691.6891119
19153,687.3736271
19157,679.8385239
19085,696.6457578
19077,712.5923019
19165,721.3037325
19009,737.071078
19095,659.6821005
19049,699.6430144
19103,648.7191511
17161,628.906304
19163,628.2112358
44001,596.2030138
44003,603.4653621
31037,720.5921608
31053,713.0966278
31141,726.6105602
31005,770.582886
31077,752.8433352
31117,755.3508718
31113,739.5137317
31041,746.4738222
31175,750.9030508
17197,592.511782
39095,564.5655586
17093,611.4157714
18089,572.0543867
18127,573.5388106
39051,576.5523703
39055,586.2724998
9011,607.7694713
39171,577.7003441
31007,773.4217337
31177,703.6560777
44005,609.9368276
9001,599.8572134
56021,834.8826688
42131,604.1871125
44009,617.2221008
9007,598.2074402
9009,596.2512414
42069,607.3347661
17099,620.2606489
36071,597.9292692
42047,629.5540206
39035,591.6190053
42121,618.9389679
42053,618.613261
39123,557.9149893
42023,619.2743268
39173,557.2924475
42103,613.2538176
42081,591.6118863
19139,632.3970356
42113,610.9503677
17011,637.2865324
17073,637.9555893
56041,998.1593756
18113,588.3868117
18033,575.2068468
36079,583.0551406
31125,729.3759475
39093,586.1777883
19123,693.0395622
19155,714.0864399
19183,635.4146241
19125,700.8458034
19121,723.2845668
19181,709.0434605
19107,664.836881
19029,738.0128891
19001,754.7525838
39143,567.6762599
39155,592.0117226
42085,607.6818288
18099,585.4455153
39069,554.2068758
42035,611.496
25007,628.1767862
17063,581.8733409
6023,793.9594391
31023,723.6859878
31155,712.1225335
39043,572.0947217
18085,590.2522692
18149,560.2188275
42031,614.6418786
31033,795.7742516
39039,551.9637528
49057,870.5767696
19115,625.647959
42079,607.9869078
31143,732.0107055
31055,701.7801609
31163,752.2429366
31093,748.1669811
31111,762.2883362
31121,729.8180842
25019,598.4296386
31101,776.6782963
31105,808.1174761
42065,614.1821492
49029,921.6302856
6105,852.2956335
36119,604.7425041
34037,605.4157415
39153,583.9984179
39133,589.7675655
17131,642.1659451
36087,606.3873538
17155,611.7440339
42037,604.2020775
17091,570.2626983
18183,590.4862605
18073,552.9109767
39077,569.4432581
18003,566.0029957
39103,594.5744721
49043,941.4172425
42027,620.1451705
42033,630.7931466
42089,634.6171273
39147,560.5543181
39125,545.2417033
17175,648.5266096
18111,560.6543912
31049,785.9011666
34031,626.1537902
31153,706.3671606
6089,826.4742817
6035,866.9850281
42097,586.9553726
18049,569.9247963
42019,601.8935654
42005,613.3950879
18131,555.2489654
42093,578.2541614
39063,549.9104613
19129,723.282164
39137,552.6835639
19137,725.593318
19003,751.2530603
19039,743.9391295
19179,670.3055024
19101,638.5239386
19175,761.7844719
19087,620.5268472
31081,743.6853807
19117,706.7333898
19135,673.0100581
49011,795.7377867
17095,643.6627218
17123,623.4884477
42119,602.537617
42025,633.5759768
39099,597.080813
42073,604.1114518
34003,613.7153058
17105,587.3431287
34041,615.1229723
49045,831.2836644
34027,626.9641983
19057,631.139833
17071,648.9719414
17187,648.5769885
31025,721.1151386
39005,576.5106217
18169,574.9949114
31159,730.8947503
31109,723.1600271
31019,753.8618017
31047,759.1087591
31185,734.3117637
31079,747.5876908
18069,571.3534896
17075,570.2003223
18103,570.9477135
17053,586.7123348
8081,984.7229123
8123,848.1165747
8057,992.329283
31135,792.5068781
8075,827.4937775
8115,798.9680357
8107,978.1471646
8069,875.114755
49009,890.4065226
39033,575.5678597
32015,903.1818639
32011,907.230985
39139,568.6376168
39169,592.6044447
39161,566.1182739
39175,550.3444088
39151,591.9165042
17143,627.5603509
42095,617.7406031
32027,864.6538784
42107,612.1922813
18001,573.3756959
18179,568.0947869
17203,607.3649925
39029,597.9620833
36005,608.4045186
18017,560.9188512
18181,553.5631991
49035,817.8240019
39003,560.0093703
42063,602.4036432
19071,729.6417356
19145,738.033937
19173,744.699324
19159,753.8170576
36059,625.6379421
19051,672.8855619
19177,645.0883169
19053,734.7224368
19185,718.6401319
34013,635.4085451
19007,691.0615371
42109,588.9344628
36061,621.2789379
49047,929.4246766
42007,598.0990756
42087,610.3572773
49013,940.6062739
34017,621.2027077
19111,639.4612121
39065,553.852404
36081,618.4072552
31131,740.4378584
42077,610.5813315
34019,610.1280786
36103,628.6147756
17113,596.7699468
34035,611.3574
18015,570.4657464
17179,601.1797858
42013,617.1016623
18007,562.4000786
8095,809.4258305
42061,620.343511
36047,615.0738325
42021,606.9785808
34039,629.3436132
39107,578.6054088
39019,592.6565288
17057,622.8331748
39117,565.6080966
39101,558.5767481
31151,734.3020762
31001,740.8304099
31035,735.1033525
31059,730.0268397
42067,610.5406889
31085,778.7646503
31029,798.4620286
31063,763.3180949
31073,758.096243
39011,569.1628752
31099,749.6852688
49051,940.3348455
31137,755.4135748
42011,605.0190167
42129,598.4232782
42003,603.3632614
18053,574.6474911
39075,581.732723
42043,614.8134895
39157,583.6545063
36085,621.7873846
17067,641.6663584
17109,634.2993821
42099,617.6483744
54029,599.2753058
42017,609.8590856
29045,657.4364746
29199,671.0703102
29197,690.2962248
34023,621.8752895
39081,608.2273569
18009,562.5535031
29171,699.1336471
29005,730.3747903
18075,566.1208737
49049,863.5924932
29147,727.6179006
29129,717.6623644
18067,576.3597559
29081,734.1021198
18157,573.6920542
29227,732.7642805
39083,562.9075499
31127,732.3493812
42075,607.1617037
39091,575.5984
31067,735.9959963
31097,742.2744631
8087,860.3817581
39159,573.4405724
17183,585.1622669
18171,575.1073953
39149,576.3455279
42125,598.8160485
8049,976.6849192
39031,588.4047995
6103,837.4615788
34025,634.5305692
6063,878.6736193
39041,563.6195859
42091,619.8389841
17125,612.40968
18023,586.1763458
8125,819.0451967
8121,840.8234386
39067,596.2521007
34021,615.3016308
18159,581.9587584
17019,585.5190455
54009,606.1968244
18095,573.4865288
18035,568.8941579
29075,727.9363438
29211,694.2466983
18045,581.0846823
39037,590.8930534
31169,715.019076
31095,718.741877
29001,674.3614942
31057,807.4433426
31061,749.4490228
31181,738.7866305
31129,730.1952349
31087,791.6226379
31083,760.398439
31065,758.7921911
31145,772.3025826
17107,608.8784179
42009,630.9716706
42041,639.9986034
18135,582.610703
42071,623.1399422
29103,672.6264229
42055,640.2419887
17147,596.9451374
17039,589.6819953
42111,626.2248378
17169,626.1299634
39089,581.460593
39021,586.4855524
29087,701.2130644
31147,706.1113017
31133,729.2222644
29079,693.6051814
8013,873.9405198
29111,659.3840167
42029,631.0550278
18057,575.4027661
42133,630.2983958
18107,592.8015561
8103,930.5461151
39059,594.6573533
17001,640.9775205
39109,592.3925752
54069,604.3107661
18011,579.116412
34005,626.3991174
18165,582.2610618
17129,618.1046237
39013,594.6601912
34029,638.9606552
42057,623.3731335
39119,597.480623
6007,829.7341638
29061,703.1672484
39049,572.3831349
42051,587.1061845
42101,607.7912905
29003,697.5107496
17017,635.7314492
32033,911.5481823
39097,585.3709165
17009,634.6665763
8045,949.9800897
18065,584.2593621
42001,646.7826932
42045,631.2329097
17115,601.4652668
29063,711.3497186
29121,682.7925671
39023,601.727219
29115,692.8949188
54051,599.4216431
42059,590.1947272
18177,588.4707895
49023,878.241435
32001,893.0325099
20137,778.2945504
20147,756.2085864
20153,807.7003893
20023,813.5164
20039,791.7638132
20157,724.921475
20043,689.6787809
6045,849.1385683
20183,744.8114496
20089,733.0958771
20201,718.879751
8001,874.507918
20131,715.3943695
20117,721.057828
20013,702.070431
34007,619.3087144
17167,628.0108077
29117,697.2765071
18121,582.7602106
29205,669.4319524
18059,574.6771328
29127,652.1707578
39121,598.9845844
18097,591.4511659
39045,589.9775647
18063,593.1663098
8047,925.1116475
39127,595.700622
39113,597.9275531
39135,601.4102121
8117,1009.247553
8037,955.4483405
8059,882.4937075
17045,584.9005528
17041,587.8692959
34015,627.4134013
17137,639.5948771
18133,587.0626298
39111,594.4377258
39057,599.8097147
17149,648.8831541
8019,968.3701111
10003,648.2863573
17021,608.5853754
29021,693.2093991
49007,943.2195673
49039,930.8015803
39129,588.5804239
8031,867.6560868
6021,844.7603797
17139,608.8835192
17171,620.5421757
18139,596.1300145
18041,607.6934508
29025,706.5784353
34033,634.6012781
6091,889.0073905
39115,609.5446624
29049,687.0025159
32019,920.6450701
18161,601.7085
8005,887.1393587
34001,640.5595744
24043,625.1829425
24001,636.0936874
24015,645.5779542
24023,635.1435336
24025,649.6765983
54061,578.9708308
54077,606.4588357
24013,637.7183155
24005,645.43768
54103,593.7574154
24021,634.3564404
39047,588.4976277
29041,674.7189678
18145,598.773939
49015,940.2857708
54065,626.3068576
17029,602.6019759
29173,652.8330736
29137,660.204339
17173,613.0268203
39073,596.5596239
20029,732.0219809
20005,690.4694441
20085,704.2171774
54057,628.687322
39167,596.0745071
54049,583.9008203
18081,605.0974373
18109,591.9948943
6115,826.4684711
32029,914.8547797
54003,641.9604849
29033,678.6322621
18167,586.5417387
29175,666.8570197
18021,584.7699292
54095,581.4123516
29163,649.9239864
39165,598.0436978
39017,606.3941053
6033,880.5023007
39027,601.930988
8063,846.2383566
20181,829.1821893
20193,815.8260735
20179,798.2530243
20027,718.8712128
34011,651.3193055
8073,880.472708
8039,882.7053414
20161,706.3130441
8093,1025.093482
20163,767.5071932
8035,900.9258468
20141,755.115979
20149,712.6826084
20065,785.110824
20123,747.9831431
39009,607.3622677
49027,895.9776063
54027,646.393619
29165,671.2980511
17135,621.8895722
17117,639.5766213
29177,678.8409709
17061,628.5384186
49019,925.4302554
18047,604.2103012
6057,864.7191582
39141,593.9521064
54037,632.6939898
17023,592.7171404
54073,582.0433932
54033,605.0079295
18119,599.1330596
51069,659.3890169
29047,664.2456602
54017,589.2162015
54091,595.0712906
18031,596.9082348
6011,829.3944262
20087,684.8940936
20103,667.5031848
54107,599.6473955
29195,644.594522
17013,644.3467444
54085,592.8560443
39163,609.1887106
24029,648.8215953
17035,606.6820475
8065,1046.778693
39071,600.0612157
24510,628.1956955
10001,661.4497566
24027,647.8679864
8077,924.3714052
8097,996.5381724
24031,654.6858336
29007,670.431318
29089,648.7333439
18005,605.9646585
18013,613.747139
18105,608.9217821
54023,671.3560678
34009,660.7095331
51107,643.1795824
18029,611.8810576
6061,855.6357835
39061,602.3808935
20143,737.468807
18137,606.5100757
6101,794.4894915
54001,609.2883231
29107,673.8102102
24035,656.7653169
54093,652.8254591
51043,641.2064542
39025,608.368483
32510,915.9303356
18153,591.5766564
17083,634.8575499
8051,1028.349162
29019,647.2336373
39015,616.5665803
54031,681.3677106
29095,670.9622909
24003,647.446311
29113,663.418603
17051,621.9290232
20061,711.1556737
20177,679.6623759
17049,616.4018472
20105,742.7950352
8029,933.279847
20197,692.6841418
51840,649.9677966
39079,610.1325201
39105,611.7679689
20209,649.4618441
18079,601.5505001
39131,605.6144489
17033,609.7219179
17079,606.8734932
54105,612.8009775
18055,590.1306262
54041,594.6275162
32023,949.673292
29139,655.0808407
21015,615.3650754
24011,660.1579709
20109,825.4933799
20195,794.1388201
20051,783.6806681
20063,801.5716552
24033,664.3995805
20199,859.1354847
20167,762.6621337
20041,713.3098098
8041,895.4570925
8119,940.7159606
54083,654.7278442
21037,616.3134864
54097,617.3928891
54021,593.4057356
32005,953.3137846
51171,692.7176042
54035,612.0985067
21117,616.5302278
32021,942.8094689
18071,603.1188
29027,655.1851586
20045,676.6276576
6017,871.6867433
51059,658.8271082
29053,634.559608
8015,1005.105765
39001,615.7210195
54013,614.1937443
20091,665.3241906
49041,925.0002486
51187,667.5196576
8017,873.6723153
39053,612.5811536
18115,623.0606295
17005,629.4989883
54053,616.6736808
39145,616.2785668
51061,666.1235506
17119,630.4286154
29219,655.7232639
18093,606.8386134
11001,656.2707254
29183,646.9171388
20169,725.4080572
10005,688.5937336
54071,719.2605114
24041,661.8084628
54087,612.907308
29159,658.2517831
51153,660.6564814
29101,680.4387283
51013,655.6615932
18155,629.7658344
6113,820.0776253
6003,948.7803379
18077,615.7205207
29135,644.9599248
17025,617.5030952
18083,611.8870976
18101,599.7055431
18027,598.9308559
54007,602.5400542
51610,664.3429627
29189,647.2757541
21191,619.3195688
51600,668.0638373
21077,631.2622698
20127,708.5342226
20139,691.7148341
20053,747.932526
51157,692.2219851
17101,622.4211569
17159,619.3733257
6055,850.9295969
6097,833.3022075
51510,658.2940475
51165,740.4152037
39087,612.842278
29037,669.4216095
17121,637.4301995
18143,615.8227562
51139,704.0589337
21023,618.8404576
21081,623.517939
29510,641.1927051
51685,648.8786441
18175,616.8491756
51683,652.442278
24009,679.9477775
21041,628.7448081
21161,620.8149966
21089,614.5820339
17027,639.7898433
54101,616.7139094
21223,624.8298631
6067,804.8208114
20121,663.6549269
29051,650.9771889
54075,694.3591901
20111,717.2531161
20059,668.3701227
21187,625.837405
21135,609.4534601
29073,651.4159449
29151,647.8741297
24017,672.730322
6051,967.3366521
29071,655.1929095
24019,679.6262937
51047,678.0674563
6005,851.0439528
20171,832.6055288
29141,656.0027814
20203,856.2518237
20101,816.4935763
20135,809.7449961
20071,866.8882678
8043,932.6485941
20165,789.2768373
20009,765.826286
18117,618.1050944
54079,613.748218
32017,947.4324583
8085,931.9472999
54015,602.4899379
17163,638.4745151
54039,602.1582102
51113,706.8400068
8061,887.3530291
17191,629.6769716
18019,621.4623583
20113,724.5842861
21201,605.1197532
21103,635.1722218
20115,721.9700043
51179,665.8943186
54011,612.7278943
51091,745.9346804
21097,610.0765017
49001,933.4432627
17047,637.9672855
17185,638.5489627
29083,674.5839944
54067,608.201074
24045,686.1629363
18125,623.8459432
29015,674.9714983
21185,633.3725031
21069,607.0556682
18051,636.2356588
18037,614.7167399
17133,641.6707147
8101,910.8619571
20017,732.029035
20159,744.7013885
8025,904.6186253
24037,687.1159114
17189,646.9942714
21043,624.833767
49055,962.5208407
49031,941.5831194
6009,850.2970858
21019,616.3236915
29099,647.441389
49037,966.3704017
21209,621.1918845
51015,766.9491653
17081,643.4072232
51079,729.2877102
29013,662.873774
51660,739.094522
8109,1019.977709
21181,604.796522
32009,946.9577533
24047,702.0014462
6109,911.1900078
20031,705.0379437
29131,656.0738651
18025,622.4656944
18061,626.2197901
54099,611.1032383
18043,635.7120254
51137,699.720354
21205,610.8957076
20107,668.7504116
20003,673.130185
21111,624.7671167
51177,677.5626305
51099,670.2301188
54043,600.7095935
21073,627.237441
21017,620.1274881
21211,630.1546841
20145,802.0712012
8091,959.4003356
6041,827.0680103
51630,666.2745153
21011,619.4959235
6077,819.9520887
24039,695.7396032
29125,649.2451197
51193,696.7585784
51003,739.085965
21127,619.719002
21063,623.6354136
51017,740.7943588
54025,676.2313982
29029,663.9195376
54019,615.4254146
8099,898.0101756
18123,624.3092298
8011,919.4491531
17193,647.8877695
17065,643.1053847
20075,878.7885116
20093,851.1174804
8089,921.8397494
8027,966.4376483
20055,836.5396612
20185,783.2953389
20083,817.3273363
51033,683.896535
18173,646.3931711
18129,650.4772231
54005,614.5436792
17157,643.5143245
29185,669.6872588
17145,650.1393269
29055,649.5762274
21067,633.8184185
29221,653.5644342
18147,627.6256766
21163,635.3458727
21173,636.0392746
21239,624.5139835
51790,778.2922983
18163,653.4323296
20079,726.8897492
20155,759.1084373
20073,732.2062995
51057,693.398221
6095,825.7830166
29161,642.9032201
21215,635.8816012
8113,973.2443219
51109,705.7434321
49017,967.4017138
8053,1082.287277
49021,952.2783344
17055,644.5115041
21005,621.8651715
29186,655.3351291
21175,630.3188397
21029,633.4484415
21049,635.231612
51159,699.9626954
6013,830.4054911
51820,764.2497356
20015,740.376361
51163,749.0942744
29187,666.2811948
6099,838.7559658
20047,817.2791268
29085,678.8429773
51540,737.4075254
21165,628.0544746
29217,666.4024678
21027,642.4531872
51125,747.9338681
20207,700.7628339
20001,691.9531661
20011,687.2771099
51001,697.8797075
51133,713.6171604
54045,621.6347898
29169,652.4756176
21093,638.2737554
51085,704.4486785
51065,713.9753518
8055,964.0224428
21115,623.0056407
21113,640.7057898
20069,829.6835558
21091,636.952585
21179,637.6288165
54081,647.1544177
54059,620.8125722
51097,707.4895285
21101,642.8413623
8111,1110.568327
21167,630.7438529
8079,1064.532426
21159,611.3771811
51005,730.495503
17077,656.4375038
21197,624.7096719
21059,644.0843081
17059,664.2679485
21151,640.1471837
17165,661.438739
51101,701.9242051
20057,819.5601544
20173,747.3911957
21229,628.558016
51075,714.6245177
29157,651.8188714
21225,661.9308824
8033,981.0756262
29059,663.3367468
6001,823.5035077
6043,877.8286565
29039,663.8342937
21153,632.0874329
29105,649.5228134
17199,655.0873871
54089,670.6545906
21237,633.1245559
21065,619.02674
51103,717.0876659
8105,1041.305414
21079,642.3218673
29167,668.7032077
20151,803.8549308
51009,750.6121486
6075,789.5507692
51580,729.6143186
8071,959.5977196
51678,742.8759864
54109,662.5567186
51023,747.8729406
51029,717.2254137
29065,651.8631802
51119,721.8925065
6039,877.9525773
21071,631.1983967
21195,634.4945521
51049,713.9216411
51530,738.0674237
29093,660.9852188
8003,1016.434455
21183,647.5667947
20187,876.0420366
20081,832.6965269
20067,850.1978383
21123,640.7848136
20097,823.8024333
20205,697.8706867
20133,695.6328174
21155,628.0600724
20095,782.3531426
54063,682.1375772
21129,631.4392147
21021,636.0210755
51087,723.9943277
6081,809.7296345
21025,636.1466083
51145,716.1042508
21149,646.4717559
20037,686.8061056
51045,737.103546
21233,655.0365583
29011,669.1587668
29123,664.231015
8009,923.4699831
8023,1048.407254
21137,640.1074751
8083,967.1679269
8067,979.6663655
51127,714.407228
6047,843.237591
21085,639.5640318
51019,751.6490034
49053,966.8878808
17069,677.3951419
51760,714.4785763
17151,675.1783852
29215,646.4618948
17181,648.5644459
17087,652.6973288
29179,659.8088881
20049,720.2395858
29017,659.4653589
29031,648.4065674
51073,719.7895385
54055,694.114559
29057,669.4630915
21109,639.4496059
6019,893.7508362
21107,663.2868803
51041,730.5301545
51011,740.1735051
51131,707.4733215
21045,626.5815705
54047,662.5337314
21055,679.8041472
49025,963.1826956
21189,639.5948281
21203,641.6206564
21119,639.2657384
51027,650.8512574
51115,719.1705846
51007,725.0799757
51036,717.1818462
29225,670.6369373
29229,658.8062294
6085,841.2637943
21217,615.8047973
51071,710.1379459
20191,756.1739715
20035,746.2776182
51680,746.82432
20119,832.5752949
20025,831.537563
21087,627.4076063
20007,805.5778751
51095,723.4646154
6027,947.5089267
21099,628.9774841
21193,647.0158325
51031,739.7673184
8007,977.3692873
29077,684.2027982
29203,664.0507961
21139,684.4190644
21177,653.3341654
51161,747.3432378
51147,708.0160647
21031,645.4055756
8021,1068.439934
20189,853.6369515
20129,889.2427322
20175,836.7342305
20077,780.39936
20125,703.9291049
20099,695.1883002
20033,836.9371553
21033,674.4129821
51199,731.8144
51121,741.9837872
29097,676.6577317
21199,639.8293905
21051,643.3240613
51515,749.8156271
17127,674.6919322
17003,652.3689621
51185,670.5665637
17153,652.0729119
20021,683.6938292
21061,638.9245907
21125,644.5691909
51149,716.6838
51770,734.6101424
51670,712.3059692
21131,661.8760213
51775,754.4733559
21001,614.8420998
29223,662.7240768
51021,692.6449935
51051,665.2111932
20019,720.4730731
51135,724.2348203
51570,717.8850462
51830,728.5936615
29109,676.0641705
6087,838.9732334
51053,728.8326205
21133,653.9119258
29201,657.3761709
51037,722.8297068
51181,726.7398
51730,714.0228923
51155,738.9285278
51700,737.7232615
51067,759.9841493
21007,668.930739
21145,675.9318508
51195,684.8316184
21227,648.4803507
21207,607.3261749
21143,675.8047458
21169,617.3385941
51735,737.3630769
21009,626.0642988
21047,667.1505419
51750,743.7046576
51093,747.3454098
51167,672.4285017
29207,665.3701644
51063,765.4528886
51111,717.5522554
51183,726.736419
51650,734.5053538
29035,661.1057914
29043,677.6793153
29133,667.2688077
21219,654.1894934
21141,657.0735286
51197,732.327101
29067,671.12112
21157,674.5602386
29145,685.0261375
29091,668.0578854
21121,648.2129941
51083,721.3235875
51025,731.1058369
21095,673.3973288
51173,694.5082593
21221,678.0321509
4017,1028.714744
4005,1020.195967
40035,700.4685966
40105,711.1339444
40115,688.1851672
40113,748.4161567
40071,760.5688774
40147,728.3996099
35059,970.246268
35045,989.4980856
35039,1012.021806
40003,801.7172603
40053,789.9291997
40025,925.9444222
40151,825.4184758
4015,986.8815388
21231,621.352414
40007,857.8375643
40139,878.916186
51175,740.4256985
4001,1032.182408
40059,850.6037995
35055,1040.663589
35007,1006.369487
29209,671.8621769
6069,872.5002423
21235,642.6878339
21039,679.4133385
51710,726.4153846
21147,637.2904027
21013,667.8562844
51720,674.6390237
21083,679.7675936
21057,604.8498585
21003,642.027999
51810,735.4035102
51035,754.5216096
29009,680.7852721
51191,686.1133464
29023,665.7643525
51800,747.4835815
6053,872.297142
51081,726.3328
51117,727.7980881
51105,684.8167061
21213,665.2580339
51169,684.215878
21053,615.7660637
29149,677.8024829
51141,769.4411844
29143,669.8128662
51550,741.0124686
32003,947.9648409
51089,758.4343566
21171,615.147343
51740,741.2750769
29181,672.8861981
29213,681.3928298
40153,855.1064521
51077,739.111378
29153,675.6062812
21105,687.1496949
29119,692.3840743
21035,681.2038422
6107,912.1784279
51595,717.6819692
51690,747.7722305
51640,759.0127241
51620,739.9931077
47161,669.6249242
40041,703.6645137
47147,658.3552956
47165,649.7089235
47125,651.1120774
47111,630.9598299
29069,680.4267777
47027,616.3225158
47137,620.5826807
51520,676.7960949
47163,682.2607031
47091,701.633743
40103,773.9807898
47151,663.2546339
40131,721.1014397
47067,688.283341
47025,687.7674131
47013,682.23012
40045,868.8299595
40047,796.2341816
47073,689.3000667
37009,733.1847376
47049,647.2191755
37005,759.3736418
37171,745.6893759
21075,677.7333885
40117,756.8733722
37053,736.3240615
37131,746.6412675
37091,769.2718945
37029,752.3059692
37073,756.2904097
37185,754.457455
37169,754.2447552
37033,741.8254077
37157,764.3810563
37077,739.3818169
37145,726.9072581
37181,747.8944841
47133,636.45216
47087,627.2174528
40097,720.7889097
37083,754.0992268
40093,823.9969391
37139,748.4771165
47019,702.5716004
47095,675.1465505
47131,686.2664778
47183,688.145527
47079,672.6037779
47169,633.1832449
48295,872.6189556
48421,901.7436536
5021,677.5086875
48111,926.5274345
48195,893.8675831
5005,684.3420803
5049,674.95881
5135,678.0493598
5121,682.8583098
5007,694.5556429
5089,689.5103553
5015,693.8516571
5009,695.377338
48357,885.9376872
6031,846.5770148
47021,649.9585068
47179,687.6709993
47173,694.7453288
40143,728.7085706
37193,751.4626546
29155,675.5627471
47159,636.7431697
47057,696.8256788
47059,686.9373811
47037,647.3914034
37189,752.2371815
37143,754.7868781
47083,667.4246935
47129,671.7674512
47005,680.7335664
47189,644.7916615
47063,706.0046237
37041,765.0818378
47043,660.1772042
47141,646.755419
5087,700.9944889
47001,691.5385579
37011,758.3826441
37197,753.5010649
5055,684.2046823
35033,1026.115207
5075,678.5872736
37069,756.6257664
5065,678.69026
47171,697.3266753
37067,763.5715127
40119,757.2864635
47085,678.3193842
37081,767.6715852
37001,741.7588584
37015,773.5802007
5143,696.242914
37135,745.1015553
37063,739.5780666
47053,694.0319904
35021,984.4605588
35043,1016.777686
47045,689.9133855
37127,775.0786576
47093,698.1506237
47089,697.3024199
47029,693.8669451
40021,713.4449918
40037,733.9955226
47035,682.0839374
40001,704.2924602
40073,801.367464
40083,775.3555649
40145,724.3946847
40011,816.556771
40043,851.1105007
47017,685.632393
37121,747.7017298
37065,758.3998864
47041,639.4581153
5101,713.1149297
5129,698.2478991
37027,741.366637
5137,675.5581988
47149,653.2639475
47185,656.0272999
37199,757.1393542
37117,768.6292977
37183,742.9308268
48393,890.9913541
48211,875.6595545
47145,686.1234375
48233,899.590114
48205,939.5724299
47187,658.4545098
48341,915.0440579
37115,740.7896366
37097,735.343042
37059,748.0204193
47155,703.6807549
37003,731.3247751
37057,758.1543516
40129,862.1957814
35049,1044.809626
35031,1031.300618
47081,677.410711
5093,686.6085798
47033,690.1905123
37023,744.6270025
5031,688.1335746
35028,1008.920158
47015,651.8208271
37187,766.1158505
37177,770.4779586
37111,762.8180754
47097,685.8077831
40081,752.6533525
5063,670.9504799
37151,762.4184764
47105,694.3615587
5067,681.3267649
35047,1018.632915
47009,686.6617276
37037,751.8237697
40101,717.4501456
40111,728.2959034
47177,661.8532102
47039,695.961904
47119,679.364862
37195,769.6488649
37159,740.0073627
47135,688.7619234
47143,696.7054576
47175,671.9738034
37147,770.1893594
47077,700.7086678
37035,727.8417937
47075,695.4831103
37021,770.3057792
37101,774.0382531
40039,843.2093936
6029,926.7194636
6071,960.1187085
6079,906.7801375
47113,711.416069
5141,693.8733735
37087,777.6925058
47007,687.3823987
5047,688.7608932
5071,693.8001391
37055,763.4022493
5033,690.1588969
47121,702.128302
35037,965.7749754
37013,783.6721086
5115,688.8233912
40017,790.0175979
40109,762.6849802
47117,675.3945112
5023,678.1710288
47031,672.2585639
5111,687.3151729
47003,670.739461
37173,756.6299261
47123,699.3065898
47101,685.0341937
37079,777.4574005
47107,699.1959574
40107,739.2266071
40135,687.8594984
47167,689.5755909
48375,918.7959347
48065,911.9670656
48179,911.7148401
48483,884.2513997
48359,942.8358939
37105,770.1500558
37161,745.7386065
47023,717.6249327
37191,778.4540967
37085,773.3556031
47153,690.3313815
37045,737.0944108
40091,724.7470821
37109,727.991878
40015,807.8798778
47061,684.2062703
4025,1025.620695
5145,684.3669508
37099,766.5129072
37125,767.7418389
37119,757.1764362
37025,753.2485862
40009,861.7331898
37123,761.1503729
37167,758.4976396
47181,693.0813471
37089,769.8707423
47157,694.0505492
40149,836.1305677
40125,762.2332749
40061,694.1426095
47065,705.0309903
5029,689.960563
47099,696.9766088
47055,691.8397831
37075,725.5081907
40133,746.5297352
5131,673.4132753
5037,697.939448
5147,685.6613227
5035,702.6985036
47069,717.6557088
47071,698.2112694
5083,677.0694171
37107,778.1115077
47127,683.9599206
37175,783.2025458
37071,737.0821204
47047,701.240334
40079,679.4694876
37149,751.5888553
47109,716.8019474
40027,767.7404542
47103,689.9825782
40051,783.0183932
5045,692.415917
47051,684.9055729
47011,714.6590066
35006,1054.097628
40087,772.2319507
47115,700.9994376
37113,754.206967
37163,789.8819638
40121,720.3530388
37137,781.8819231
5149,677.2512159
40063,739.787461
37039,713.7266109
47139,706.0404661
37051,785.1968332
37103,787.8961417
35001,1042.371879
35019,1007.327602
45045,769.7361627
37179,766.155709
37007,764.3400814
37093,778.8185554
45083,754.8923916
37095,776.2551622
37061,793.5637624
45021,756.1207787
48381,923.7808116
48011,915.6764136
48087,872.4947057
48129,897.8101054
48117,949.1528136
37153,766.1572749
45091,760.2830034
37043,743.8618809
5123,701.0054252
40075,833.2344437
40055,856.2386113
5105,687.6389017
5127,661.5031662
5117,690.8377886
45077,766.1496598
5085,700.5495131
40077,700.994073
37049,779.6354735
45057,780.7216143
45073,764.9375324
35057,1063.206656
37165,772.2913923
40057,856.7219918
5119,692.397487
1077,709.0712496
1083,698.233512
5095,689.7452454
28003,729.5740832
28141,722.2971356
28139,729.1542967
28009,715.0303165
28033,706.3035516
28093,720.0961759
13241,767.3601356
1089,687.2399155
1071,706.8543012
13313,720.9691932
13213,725.5234337
13047,708.4568136
13083,707.7344542
13295,716.7850647
13281,736.3386
13291,730.4071442
13111,721.4787078
37133,790.5416744
40123,737.4416698
35009,970.2634453
35061,1030.626009
37155,803.8684343
5077,702.1257169
45087,759.3136798
1033,716.2348475
6111,939.3162839
28143,701.6663245
37031,814.7162656
40049,766.9293038
5125,694.5755318
1049,717.4458971
40031,812.1241411
40065,840.9867975
37017,811.4458604
13123,730.7741288
45023,765.6510683
13137,763.0421369
45007,763.9982237
45025,772.3435033
1079,720.2403469
45069,785.4025424
13311,753.2268592
28137,708.5656546
45059,763.9680256
5051,686.4228
35011,978.1177951
40029,733.1895393
28117,735.0186229
5097,674.9181742
48369,952.5328387
48069,940.9061669
48437,923.757901
48045,905.1258342
48075,871.5499119
48191,886.7623271
5113,678.8944299
37141,811.7464021
13187,744.2415458
40127,708.1574747
40005,739.7510117
40137,792.8244139
1103,701.7309207
13257,760.1925581
5107,704.9484499
40099,755.5147119
40141,817.5329782
13129,723.2234933
45033,811.5282958
13085,736.3554712
45055,793.5564557
28145,724.2356632
1095,707.2141156
35041,979.8164413
35003,1091.085922
13115,728.0301751
13055,713.6701749
35053,1064.329302
1059,725.9548276
48197,863.4305759
5001,703.7529285
28071,714.6535778
28107,718.2237757
45039,785.4941085
13227,728.1061388
13119,760.4322028
28027,712.5097742
45031,792.5744877
45071,780.3675711
1019,729.1109764
28081,724.2638302
4007,1046.826791
28119,711.3096982
40069,750.8317195
40019,766.9342345
5059,699.9281695
40089,687.4322066
40033,815.5513187
13139,741.8890286
5053,704.5448989
5069,694.3997538
13147,762.1718888
13011,753.8596169
45001,763.0911223
37047,817.3006998
28057,735.8505864
48487,836.6572317
13015,741.4764433
13057,731.0786731
45047,768.7420126
37129,812.2115077
28115,717.7574746
45061,795.5770393
37019,824.4914997
5061,686.9599873
5109,685.3532615
35027,1059.226837
5019,696.8551396
4012,980.4885403
13117,734.9062747
1093,741.5695208
48345,898.1797375
1043,725.4229721
48101,880.7328571
1133,729.9848616
48153,916.3740359
48189,929.7150199
48279,949.8854674
48017,967.8294519
45041,816.4881792
45051,816.04123
13157,748.613372
45067,821.7016322
40067,802.7864261
13105,757.1561887
13195,757.4612095
1009,719.4313531
45079,796.3998571
48155,869.7106373
1055,728.6521063
5133,687.7953185
45063,790.9401484
28161,729.5859915
48485,822.1625982
13121,735.3869086
40095,751.6704314
5079,703.9713556
45081,788.3902317
13135,736.9514741
28135,731.9012851
28013,728.0117029
40013,750.1151473
40023,717.4994557
45085,809.4557925
5039,707.2219281
48077,817.6110508
13013,743.7684203
5041,726.586621
28011,732.5727486
13067,738.7690576
13233,743.9452475
35005,1000.434923
28095,742.1227774
13223,758.3662297
28017,737.5199034
6065,957.392418
45065,778.0022586
40085,776.8850165
5025,703.1007458
1075,749.892347
13059,747.2240355
13221,760.6322603
4013,1002.314394
6083,923.9404069
5057,700.5728215
1127,736.0389641
28133,729.5205863
48337,795.5990311
13317,773.6655203
1115,743.1711771
13181,780.6584136
45037,788.2485983
1015,749.7810136
13219,754.3165947
13089,740.5081197
48387,703.4873106
5099,699.7115692
48181,752.2618165
1029,749.7122716
6059,876.4245775
48097,768.2534533
5081,694.7321627
45027,822.7144085
48277,725.6129736
13297,754.7844922
1057,759.2380764
13143,760.9289415
28043,733.2173085
48147,743.9586526
45089,823.8763968
45017,806.7234091
45003,795.4766282
1073,748.9169331
48269,875.5197855
48125,896.3337112
48107,914.7723439
48303,938.2232217
48009,842.1223914
48219,960.0030837
48275,856.558055
48023,848.8093831
48079,978.5605518
5103,702.2334153
13045,753.1978576
28083,726.7751354
28025,745.663574
13211,772.4018188
5013,719.0815406
13097,756.0813966
5043,722.5951208
13247,755.5290806
4011,1084.392373
45043,825.5014577
13133,771.9127332
28087,753.4634983
13217,766.4031205
28155,744.5965112
13265,775.5669153
5011,730.1934915
45075,822.3742956
48037,691.7499245
13073,789.3974314
1121,750.1717141
28015,738.8653538
28097,743.7362847
13189,791.9749977
4009,1070.997389
13063,755.86657
13151,763.4049559
1125,759.2572536
13301,782.2699343
5091,692.2537007
28105,760.2314644
35025,982.4264099
5017,739.0232506
13113,758.0398854
1117,762.8844927
13245,800.1075248
1107,758.1331037
28151,735.3584542
28019,764.4507421
13159,772.3878285
45015,838.9679556
13077,748.4340936
6073,948.6454384
1111,746.9460235
1027,747.2260533
4027,993.9410032
48119,725.2340507
45011,814.6347834
5073,694.8060484
35051,1071.086813
6037,916.8676903
13237,777.7773655
4021,1024.931678
48237,824.5001528
13141,783.788879
5027,705.8133153
13035,773.9258895
6025,969.6587444
48497,782.3608332
48121,756.7620536
45009,832.2384291
13149,754.5053131
48231,738.7043291
48085,748.3801562
5003,735.1859895
48449,718.226764
48207,848.9353363
48447,843.4620519
48503,837.9597106
48263,882.5973254
48433,867.8226425
48159,731.7874274
35035,1061.419635
5139,712.8078552
48169,904.5684444
48305,938.8793014
48445,961.7140159
28051,745.7993131
48501,983.1059288
48223,737.1251564
48343,710.8803677
13255,771.9099809
28053,732.3944298
45035,830.9584764
13125,797.1083237
13163,803.4008581
48067,705.8628819
13033,804.6725675
28007,767.3914373
28103,757.0004723
28159,766.6695733
1007,768.1339434
13303,799.9585196
13199,774.5336151
13285,763.3598227
35017,1098.055348
13171,786.2805501
13207,787.5779099
13231,776.0030644
13009,790.539877
13169,792.1185315
45029,840.4161127
1063,784.2099094
45005,828.5427103
1017,775.3458528
1123,771.6293842
1037,758.9437128
28125,745.2904908
48063,736.5215809
1021,764.9570663
35013,1058.976867
13251,822.1089206
28163,751.7526632
45049,840.1028516
22017,713.2648678
45019,844.6737096
22015,719.4537402
28055,759.7345511
22119,721.8782603
22027,720.1760933
22111,712.0362729
1065,788.9857289
48499,736.4368175
22067,733.2656453
22123,746.2931005
22035,751.648181
13319,798.5922046
48363,811.1840484
13293,786.9927966
48367,795.9714864
48439,755.2970207
48113,737.1768264
48397,737.7693559
1119,802.6781492
48379,737.5011742
35015,975.2572086
48417,838.1148869
48253,846.4033413
48151,863.1211768
48415,882.5074902
48033,914.9472163
48115,946.4604837
48429,825.2259824
48165,974.1345559
13021,797.0843546
13165,808.1144508
28099,784.6382397
28079,762.9498523
28069,790.4818539
48459,736.7226538
13289,813.3942648
28089,755.2256414
48315,715.7603324
13263,784.7323322
1105,788.2038
13145,777.7435836
13079,798.5438237
48257,734.8130091
48467,744.6120581
13107,814.3648873
13167,802.3988413
48203,717.7361454
35023,1081.725255
1051,775.6314022
22061,721.9661939
45053,851.2964376
1081,795.0844339
13269,792.4457053
22073,727.5320368
13175,800.7454373
1001,782.1536449
1047,797.0474165
48423,729.4090872
13225,804.9604729
13153,807.978425
22083,756.8366644
48183,731.9659968
13031,817.9814692
28123,789.786545
28149,776.5729738
35029,1078.892878
13215,786.0239334
1087,806.1418872
28121,774.728981
13103,847.1401054
22013,740.8914224
28075,807.4670816
28101,803.3628247
13023,811.983539
28049,772.5907071
22065,770.6056372
48251,764.0889325
13197,803.5932396
48221,780.3979988
48139,742.2902623
13043,822.023219
1091,803.8515698
13053,803.3509884
4019,1045.544652
48441,855.6809565
48227,911.7500176
48335,889.2355688
48133,812.8757703
48059,832.4237939
48317,938.0092549
48003,974.2971182
48353,884.9057085
48143,798.138536
1113,807.7262607
13193,806.8779411
13283,813.9712049
1101,809.3219707
22049,733.9319593
4003,1082.706356
13091,810.9245288
13249,809.1542563
1085,812.6022718
22041,761.3366172
48401,723.5772041
13235,808.4831967
48365,720.1649989
48213,738.0718225
13209,827.3592053
13279,829.934732
22031,725.0772972
48349,749.2514694
48425,769.4764187
1023,819.5676776
1011,809.8310152
13267,840.3907248
13309,822.4636671
13093,810.1376147
22021,748.3964773
48217,751.8650383
1131,813.8781464
13109,833.5557153
45013,854.871647
48093,803.7443317
22107,770.918464
22081,731.09949
13029,849.3135495
28061,810.1946174
28023,815.1333748
28129,812.5814807
28021,777.5921136
13259,820.1887971
13307,818.7160027
13261,818.5234576
48035,772.9316219
1005,829.7125277
22127,732.7492952
22069,729.8983744
48073,743.4069354
13271,832.1899808
13315,817.3118512
48431,917.6797494
13179,861.7761716
48173,922.3564912
48329,941.6509383
48081,895.4767159
48495,974.6840106
48135,960.0826576
48399,859.6911148
48083,838.2761908
48049,816.9797248
48001,751.2592678
1109,813.7135717
28127,807.5738948
1041,817.3005268
28029,790.7219745
13081,830.1374384
48193,796.9881062
48161,763.0015757
13183,867.6288
48109,1016.183686
48389,963.6957471
48301,972.5417893
48229,1053.20689
48141,1055.288629
1025,831.2522854
13239,828.5160639
48419,742.8923802
22025,767.0709695
1013,819.5891951
13161,847.8698339
13001,861.1545844
13273,837.2555847
22059,754.4720476
13243,830.2141505
13177,830.0716738
28153,820.4249264
28063,778.7922806
48309,762.5123805
13051,857.0857485
13321,845.3449886
48347,755.529128
13287,828.4414766
22085,729.0551655
13017,837.6680136
1099,822.8284499
28067,816.1252983
13305,881.1891828
48293,765.1693194
13069,874.1855046
22043,736.5937556
28031,814.1177787
1067,825.9784706
13061,827.5663647
28065,807.221186
13155,848.5001288
22029,783.7118501
28077,803.9811417
28001,784.8908401
1035,823.6481443
4023,1102.761928
48333,804.8426522
28085,792.1070341
48099,783.4483786
13005,870.2145627
48451,888.639518
1129,834.042717
13191,878.4026522
13095,849.4550765
48475,968.3653679
48405,745.8533736
48103,957.4955235
48461,946.1657621
48383,930.3429966
48289,757.8413273
13037,846.5617683
1031,823.7462586
1045,827.2781767
28037,785.0902261
48403,736.4436033
48225,759.5021167
13277,860.9696445
48095,860.8227902
1039,829.3017473
48235,924.0001831
13229,887.3543809
48005,752.8932174
48145,762.8602609
13099,854.0120282
22079,753.2364041
48307,847.5313697
48411,825.005568
13019,893.2633653
13299,903.5726556
48281,804.2721735
13127,901.7194576
13007,856.5654585
13205,861.3596459
28091,818.2787213
28073,817.2250169
28035,823.0886805
28111,823.9217003
28041,818.2689903
13003,900.0248761
48455,760.0095458
48371,958.7347398
28157,796.828157
22115,739.2368591
13025,907.6166396
48395,758.7350266
28005,797.6992873
28113,803.0456996
28147,811.8440636
13075,888.9591581
22009,788.9182571
13071,879.4933695
1069,845.0309757
48027,774.4803841
1003,837.471329
1053,826.1513688
13201,866.3402822
1061,841.8679941
13173,920.6173831
48351,754.2486252
13065,915.1120068
1097,831.9895549
13039,915.8585736
48241,760.901868
48373,763.8887725
48331,770.5673122
48243,1049.197112
48313,770.9844592
48413,897.422985
48327,861.1616761
48105,927.9412921
13087,883.7150106
13253,866.3394462
13131,895.5652719
13275,899.8795963
13027,904.9276475
13049,911.4740917
48457,762.1925826
48471,785.1616658
48053,805.0817898
13185,915.2644164
22077,797.5349288
28109,843.6310214
22117,830.7241592
22105,829.8057782
22091,809.0134148
22037,807.9250017
28039,832.6864913
22125,799.609445
12063,868.0204276
12059,857.5796413
22039,788.6887554
12131,869.6118439
48041,783.1750994
48319,842.5692031
48299,815.9686002
28131,836.1988881
48491,777.2093468
48407,772.7444176
22003,773.059718
22011,769.1470237
48185,791.8816553
13101,915.5796843
22097,803.2157053
12133,874.6161209
12089,915.8377424
28059,845.4372025
48051,795.9550146
22033,819.3616382
48267,852.0577738
12039,901.6694628
22103,856.0650757
48435,889.8167579
12073,901.2918737
28047,861.2554062
12065,915.1181774
48043,1036.1412
48443,963.2794592
22121,809.4881262
22063,835.1026518
28045,854.3786209
12079,923.3188801
48377,1063.365221
48453,784.5770097
48339,780.9211414
12047,913.5786832
12013,888.5300531
12077,899.4825407
12023,907.9205088
12003,911.2278323
12031,917.7764749
12005,908.9900883
48287,799.7697263
48199,761.2446727
48171,826.601032
48031,822.0087723
22099,835.526399
22047,826.4600176
22019,779.8141391
22053,785.9501343
48291,776.6071322
22001,807.2068325
12121,906.1729014
48021,794.7719801
12091,848.2859856
12113,834.3173462
48477,795.4030422
12033,827.408424
22055,819.5748829
22005,839.0685251
48209,816.6712822
12123,927.3995712
22095,854.6139763
12129,908.1766335
48137,887.3607013
48465,906.3469447
48265,825.4942487
12067,919.0241855
48473,778.0779
12109,935.8779155
48361,769.4735256
12045,923.8637463
12019,930.5429391
48245,789.1397999
48149,800.2952281
48201,784.5276
22093,854.3339594
22071,886.635109
22113,840.9142739
12125,906.4847838
12007,919.3626416
48259,820.3331845
48015,778.9835497
22089,874.32424
48385,838.4866099
22007,863.6753016
48055,813.0380411
22023,817.1765841
22087,889.2573057
48091,825.56311
12037,930.5037134
48089,780.0702794
22101,874.3158004
12001,936.8998594
12041,920.1390968
22057,882.2421375
48019,812.2530624
22075,896.3630411
48071,806.0606798
48187,809.9872579
12107,942.0366362
12029,946.2706632
48157,800.3593949
48177,810.6118052
48029,818.2817418
48325,814.5621133
12035,938.9989909
22045,852.9646123
48285,799.8331341
48481,796.8142292
48463,819.9223793
48271,859.066425
48039,820.2060881
12075,955.3819821
48167,820.5871046
12083,951.4784773
48493,822.8854478
12127,948.9642842
48123,806.0338106
22109,886.5783111
12069,967.6226834
48239,792.5307396
48013,837.4557721
48321,833.5773299
48255,818.895896
22051,883.2775682
48469,795.6662135
48507,841.1615813
48163,841.7750295
48323,877.2958906
12017,979.77796
12119,975.4523789
48175,804.8591732
12117,961.6644031
48297,822.2966542
12095,955.4593719
48025,813.5319681
12053,978.6402794
48283,859.3174555
48311,840.768114
48127,872.7518409
12009,957.9017803
48391,810.8168769
12101,985.5156777
12105,975.9106388
12097,965.5400907
48057,823.4366451
48479,874.9058211
12103,995.8082437
12057,976.6119534
48409,832.7422889
48007,839.4000118
48131,844.7222879
48249,830.4710178
12061,954.3175839
48355,844.8973461
12049,985.2932842
12055,991.5669971
12081,980.2211347
12093,966.9218057
48273,862.4640007
12111,981.8098363
12115,1002.853561
48247,865.4669203
12027,998.2910973
48505,865.1681958
48047,877.6934517
12085,991.2908414
12043,1015.366347
48261,858.3995773
12015,1031.89886
12099,996.3058531
12051,1018.475429
48427,880.6483755
48215,885.30345
12071,1059.983849
48489,854.0607175
12021,1050.739375
48061,858.1697793
12011,1003.300262
12086,1024.789484
12087,1054.758171
27031,589.5362397
26083,566.8881869
26061,560.6301524
26131,552.0665591
26013,555.296795
26103,570.2834792
26053,572.7726861
26095,571.158093
26003,558.7483566
26153,587.3515289
26071,584.2400565
55125,601.0110665
26043,581.2029315
26097,581.7138252
26041,582.5759612
26033,590.0996072
55041,585.7685029
55037,583.5868353
26109,586.0253593
55085,611.7634775
55075,598.7604372
26047,592.1885654
26031,597.9535519
26141,600.2468246
55069,624.0788407
55067,631.9179431
55083,629.302418
26029,587.4561733
55029,633.96384
26007,618.9510217
26009,579.5329641
26137,600.8739483
26119,592.6587394
26089,586.0834527
55073,699.5469623
55078,596.6304713
55115,659.4964539
36089,602.2130453
26079,582.0555661
26039,598.665736
26001,604.4899119
26055,596.8745373
26135,597.6706716
26019,570.3288051
55061,653.7642967
55097,684.7498068
55135,659.8200432
55009,661.2720027
55087,666.5256681
26101,561.2069843
26069,622.5603142
26165,595.1583695
26113,620.0455698
26143,604.6541778
26129,632.9924351
36045,597.6782087
55071,652.6415029
55001,642.8473104
55137,656.7578847
55139,682.4870657
55015,692.2407539
36049,618.4816034
26105,574.1027024
26085,563.119322
26133,627.8211754
26011,643.681714
26035,615.3423341
26051,631.4891345
26063,683.6339517
26017,669.5229273
55077,646.728812
55047,684.0544597
55039,690.4917035
55117,657.468062
26111,630.0130402
26127,593.0506701
26073,652.6321976
26123,585.4692018
26107,626.5759066
26157,646.2518481
36075,567.8022211
26151,661.5714574
55021,690.7899489
55111,658.7644685
55027,705.5773869
36065,595.9110872
26145,637.4658571
55131,665.5328884
55089,635.9696711
26121,568.1411651
26117,634.0041872
26057,647.6892552
36011,599.8592659
36063,562.8106983
36073,590.2712835
36055,586.9062854
36117,591.691819
26087,624.1430492
26081,603.2800504
55025,694.2618287
36067,586.1286718
26049,611.5361007
26139,595.6779763
55055,688.0927889
55133,649.6619506
55079,609.1755057
36053,610.6150689
26147,633.1856723
26155,620.1085566
36037,606.2283078
26067,622.2270369
26037,607.4116881
36029,577.0278016
36069,603.6585774
36099,596.4132203
36051,598.0582022
26099,603.3995625
26125,605.3537461
36121,633.9076311
55045,710.1215126
55105,698.1134383
55127,679.2280457
55101,656.2473102
36023,616.8394504
26093,598.6834658
26065,616.3145228
26005,597.7933735
26045,613.6983864
26015,611.6610363
36123,598.2223988
36017,601.9699363
55059,638.5875062
36109,597.1978776
36101,634.0753173
36013,620.0274875
36097,611.1116764
36009,618.8510256
36003,630.5745844
17177,710.1502434
17201,683.9088518
17111,656.7509579
17007,687.6293492
17097,609.3031941
26163,583.920122
26161,589.5161311
26075,597.2042789
26077,604.1221308
26025,602.5566334
26159,603.7222791
36007,585.044233
36107,580.9820644
36015,582.906661
42049,605.9164707
26021,581.4553538
17141,675.3824076
17015,654.7996654
17031,591.1135894
17089,632.1679031
17037,667.5605874
26115,579.2304538
26091,593.8318286
26059,605.1326606
26023,573.631322
26149,574.6807403
26027,594.5861831
42015,580.4718791
42117,607.2031287
42123,623.6916814
42115,595.8507446
42083,625.5106098
42105,632.7735672
17043,594.3587186
39007,586.6967509
17195,636.2916193
17103,657.1550092
42039,614.3691837
39085,593.7459817
18091,577.4850233
18141,582.5001241
18039,591.9472155
18087,565.6770256
18151,571.4614983
2185,692.2550428
2188,595.6629643
2090,509.7125875
2060,499.9690827
2180,583.2284148
2170,643.5432872
2270,532.9906398
2050,503.8026188
2020,597.1863961
2122,577.7544061
2070,515.7205035
2164,471.8796882
2100,630.7706613
2110,644.8144443
2150,466.7552735
2220,441.5221729
2280,487.7138751
2130,435.6378462
2201,478.8264952
2013,456.630024
2016,513.4120582
15005,1026.628191
15007,1025.398196
15003,977.7047842
15009,1071.275859
15001,1111.781389
51143,740.3591922
51590,744.5475022
2261,625.8458849
2282,682.0427754
2232,532.6848995
2290,491.24783
2240,565.6647461
2068,565.5139597
8014,850.672141
